id,fecha,vehicle_id,monto,tipo,motivo,categoria_real,comentarios,texto_normalizado,sugerencia_tipo_gasto,sugerencia_subtipo_gasto
b572862b-2103-461a-9ff4-0e5b74ffd6eb,2020-11-30,16,270,OTROS GASTOS,OTROS PROVISIONALES,GASTOS_CAJA_UNIDAD,ARREGLO VERSA 16 PECHY · Excel GASTOS fila 149 [origen gastos_caja id=146],otros gastos | otros provisionales | gastos_provisionales | otros provisionales | arreglo versa 16 pechy · excel gastos fila 149 [origen gastos_caja id=146] | gastos_caja_unidad | efectivo | traslado desde gastos_caja (script mover_gastos_caja_a_vehiculo),operativo_vehiculo,motor
fb2b3366-b216-4376-a1c3-fb8573a01278,2020-12-03,11,475,OTROS GASTOS,OTROS PROVISIONALES,GASTOS_CAJA_UNIDAD,RIO 11 · Excel GASTOS fila 158 [origen gastos_caja id=155],otros gastos | otros provisionales | gastos_provisionales | otros provisionales | rio 11 · excel gastos fila 158 [origen gastos_caja id=155] | gastos_caja_unidad | efectivo | traslado desde gastos_caja (script mover_gastos_caja_a_vehiculo),operativo_vehiculo,motor
86c19a81-9dd4-4fb8-b65a-b621b180327c,2020-12-03,10,225,OTROS GASTOS,OTROS PROVISIONALES,GASTOS_CAJA_UNIDAD,RIO 10 · Excel GASTOS fila 160 [origen gastos_caja id=157],otros gastos | otros provisionales | gastos_provisionales | otros provisionales | rio 10 · excel gastos fila 160 [origen gastos_caja id=157] | gastos_caja_unidad | efectivo | traslado desde gastos_caja (script mover_gastos_caja_a_vehiculo),operativo_vehiculo,motor
6c4d8970-248a-4788-8760-59ea62d0039d,2020-12-03,12,675,OTROS GASTOS,OTROS PROVISIONALES,GASTOS_CAJA_UNIDAD,RIO 12 · Excel GASTOS fila 161 [origen gastos_caja id=158],otros gastos | otros provisionales | gastos_provisionales | otros provisionales | rio 12 · excel gastos fila 161 [origen gastos_caja id=158] | gastos_caja_unidad | efectivo | traslado desde gastos_caja (script mover_gastos_caja_a_vehiculo),operativo_vehiculo,motor
3821dbb5-e710-4fd4-a99b-ea6956378927,2021-10-18,18,150,OTROS GASTOS,OTROS PROVISIONALES,GASTOS_CAJA_UNIDAD,versa 18 1 inyector · Excel GASTOS fila 378 [origen gastos_caja id=373],otros gastos | otros provisionales | gastos_provisionales | otros provisionales | versa 18 1 inyector · excel gastos fila 378 [origen gastos_caja id=373] | gastos_caja_unidad | efectivo | traslado desde gastos_caja (script mover_gastos_caja_a_vehiculo),operativo_vehiculo,motor
a6ef0b2e-1cd1-4fcf-8c9c-4e34541a63a4,2021-11-03,11,730,OTROS GASTOS,OTROS PROVISIONALES,GASTOS_CAJA_UNIDAD,rio 11 arreglo motor · Excel GASTOS fila 383 [origen gastos_caja id=378],otros gastos | otros provisionales | gastos_provisionales | otros provisionales | rio 11 arreglo motor · excel gastos fila 383 [origen gastos_caja id=378] | gastos_caja_unidad | efectivo | traslado desde gastos_caja (script mover_gastos_caja_a_vehiculo),operativo_vehiculo,motor
f34860c9-7dbd-40a9-8973-a713a2b49aa8,2022-02-03,11,250,OTROS GASTOS,OTROS PROVISIONALES,GASTOS_CAJA_UNIDAD,rio 11 arreglo motor · Excel GASTOS fila 465 [origen gastos_caja id=458],otros gastos | otros provisionales | gastos_provisionales | otros provisionales | rio 11 arreglo motor · excel gastos fila 465 [origen gastos_caja id=458] | gastos_caja_unidad | efectivo | traslado desde gastos_caja (script mover_gastos_caja_a_vehiculo),operativo_vehiculo,motor
f258d393-daac-430f-bacf-028fbb46cfc6,2022-02-03,24,3700,OTROS GASTOS,OTROS PROVISIONALES,GASTOS_CAJA_UNIDAD,INSTALACION GAS VERSA 24 CON HENRRY · Excel GASTOS fila 467 [origen gastos_caja id=460],otros gastos | otros provisionales | gastos_provisionales | otros provisionales | instalacion gas versa 24 con henrry · excel gastos fila 467 [origen gastos_caja id=460] | gastos_caja_unidad | efectivo | traslado desde gastos_caja (script mover_gastos_caja_a_vehiculo),operativo_vehiculo,motor
1e0cf318-090c-405f-a92b-1bc7c6fc6784,2022-03-07,15,240,OTROS GASTOS,OTROS PROVISIONALES,GASTOS_CAJA_UNIDAD,SOPORTE DE MOTOR YARIS 15 · Excel GASTOS fila 499 [origen gastos_caja id=492],otros gastos | otros provisionales | gastos_provisionales | otros provisionales | soporte de motor yaris 15 · excel gastos fila 499 [origen gastos_caja id=492] | gastos_caja_unidad | efectivo | traslado desde gastos_caja (script mover_gastos_caja_a_vehiculo),operativo_vehiculo,motor
0abd2aea-7d55-49ed-a1f8-d5e70f245f0a,2022-03-26,26,60,OTROS GASTOS,OTROS PROVISIONALES,GASTOS_CAJA_UNIDAD,VERSA 26 MAMPARA · Excel GASTOS fila 532 [origen gastos_caja id=525],otros gastos | otros provisionales | gastos_provisionales | otros provisionales | versa 26 mampara · excel gastos fila 532 [origen gastos_caja id=525] | gastos_caja_unidad | efectivo | traslado desde gastos_caja (script mover_gastos_caja_a_vehiculo),operativo_vehiculo,motor
06305368-aaf8-4e12-9014-bd6f14c533bc,2022-03-15,17,160,OTROS GASTOS,OTROS PROVISIONALES,GASTOS_CAJA_UNIDAD,VERSA 17 OJO CHINO PECHY · Excel GASTOS fila 547 [origen gastos_caja id=540],otros gastos | otros provisionales | gastos_provisionales | otros provisionales | versa 17 ojo chino pechy · excel gastos fila 547 [origen gastos_caja id=540] | gastos_caja_unidad | efectivo | traslado desde gastos_caja (script mover_gastos_caja_a_vehiculo),operativo_vehiculo,motor
095c4d3e-169f-416a-804b-625edbf4645d,2022-04-18,12,150,OTROS GASTOS,OTROS PROVISIONALES,GASTOS_CAJA_UNIDAD,RIO 12 ARREGLO RADIO · Excel GASTOS fila 570 [origen gastos_caja id=563],otros gastos | otros provisionales | gastos_provisionales | otros provisionales | rio 12 arreglo radio · excel gastos fila 570 [origen gastos_caja id=563] | gastos_caja_unidad | efectivo | traslado desde gastos_caja (script mover_gastos_caja_a_vehiculo),operativo_vehiculo,motor
9be03456-6d64-4d9d-9f30-28974a5989df,2022-04-25,16,300,OTROS GASTOS,OTROS PROVISIONALES,GASTOS_CAJA_UNIDAD,versa 16 radio cambio · Excel GASTOS fila 583 [origen gastos_caja id=576],otros gastos | otros provisionales | gastos_provisionales | otros provisionales | versa 16 radio cambio · excel gastos fila 583 [origen gastos_caja id=576] | gastos_caja_unidad | efectivo | traslado desde gastos_caja (script mover_gastos_caja_a_vehiculo),operativo_vehiculo,motor
9d1e3fda-928f-46db-b6f8-f7a51efd56f0,2022-05-03,17,70,OTROS GASTOS,OTROS PROVISIONALES,GASTOS_CAJA_UNIDAD,versa 17 arreglo luna trasera · Excel GASTOS fila 593 [origen gastos_caja id=586],otros gastos | otros provisionales | gastos_provisionales | otros provisionales | versa 17 arreglo luna trasera · excel gastos fila 593 [origen gastos_caja id=586] | gastos_caja_unidad | efectivo | traslado desde gastos_caja (script mover_gastos_caja_a_vehiculo),operativo_vehiculo,motor
bd1f758f-015e-49a5-b016-74f4e3556682,2022-05-20,15,220,OTROS GASTOS,OTROS PROVISIONALES,GASTOS_CAJA_UNIDAD,YARIS 15 HENRY LIMPIEZA CONDUCTORS DE REFRIGERACION + INYECTORES NUEVOS + REGULACION · Excel GASTOS fila 623 [origen gastos_caja id=616],otros gastos | otros provisionales | gastos_provisionales | otros provisionales | yaris 15 henry limpieza conductors de refrigeracion + inyectores nuevos + regulacion · excel gastos fila 623 [origen gastos_caja id=616] | gastos_caja_unidad | efectivo | traslado desde gastos_caja (script mover_gastos_caja_a_vehiculo),operativo_vehiculo,motor
014f07a3-74ae-4baf-bbf7-96b6e4f8ad60,2022-05-20,15,90,OTROS GASTOS,OTROS PROVISIONALES,GASTOS_CAJA_UNIDAD,YARIS 15 INTALACION TERMOSTATO Y TERMOSTATO · Excel GASTOS fila 624 [origen gastos_caja id=617],otros gastos | otros provisionales | gastos_provisionales | otros provisionales | yaris 15 intalacion termostato y termostato · excel gastos fila 624 [origen gastos_caja id=617] | gastos_caja_unidad | efectivo | traslado desde gastos_caja (script mover_gastos_caja_a_vehiculo),operativo_vehiculo,motor
bbf4d467-08b1-43ba-b285-a012f23134b0,2022-11-03,31,300,OTROS GASTOS,OTROS PROVISIONALES,GASTOS_CAJA_UNIDAD,VERSA 31 MOTOR VENTILADOR NUEVO MAS RELAY ORIGINAL MAS SERVICIO Y ESCANEO · Excel GASTOS fila 869 [origen gastos_caja id=861],otros gastos | otros provisionales | gastos_provisionales | otros provisionales | versa 31 motor ventilador nuevo mas relay original mas servicio y escaneo · excel gastos fila 869 [origen gastos_caja id=861] | gastos_caja_unidad | efectivo | traslado desde gastos_caja (script mover_gastos_caja_a_vehiculo),operativo_vehiculo,motor
ed1d9b19-6120-401b-9d91-ae3832c8fab7,2022-11-03,11,360,OTROS GASTOS,OTROS PROVISIONALES,GASTOS_CAJA_UNIDAD,RIO 11 1/4 FRACCIONAMEINTO PECHY MOTOR · Excel GASTOS fila 870 [origen gastos_caja id=862],otros gastos | otros provisionales | gastos_provisionales | otros provisionales | rio 11 1/4 fraccionameinto pechy motor · excel gastos fila 870 [origen gastos_caja id=862] | gastos_caja_unidad | efectivo | traslado desde gastos_caja (script mover_gastos_caja_a_vehiculo),operativo_vehiculo,motor
0040194a-914d-4d37-863c-216290b5449b,2022-06-03,22,20,OTROS GASTOS,OTROS PROVISIONALES,GASTOS_CAJA_UNIDAD,VERSA 22 GAS ENTREGA · Excel GASTOS fila 663 [origen gastos_caja id=656],otros gastos | otros provisionales | gastos_provisionales | otros provisionales | versa 22 gas entrega · excel gastos fila 663 [origen gastos_caja id=656] | gastos_caja_unidad | efectivo | traslado desde gastos_caja (script mover_gastos_caja_a_vehiculo),operativo_vehiculo,motor
f7c7171d-3751-48ad-bbc7-35df67db0616,2022-06-03,20,100,OTROS GASTOS,OTROS PROVISIONALES,GASTOS_CAJA_UNIDAD,VERSA 20 MICA FARO · Excel GASTOS fila 672 [origen gastos_caja id=665],otros gastos | otros provisionales | gastos_provisionales | otros provisionales | versa 20 mica faro · excel gastos fila 672 [origen gastos_caja id=665] | gastos_caja_unidad | efectivo | traslado desde gastos_caja (script mover_gastos_caja_a_vehiculo),operativo_vehiculo,accesorios
01783f22-a622-4c51-8c24-756062392d4a,2022-07-04,28,20,OTROS GASTOS,OTROS PROVISIONALES,GASTOS_CAJA_UNIDAD,limpieza aros versa 28 · Excel GASTOS fila 712 [origen gastos_caja id=705],otros gastos | otros provisionales | gastos_provisionales | otros provisionales | limpieza aros versa 28 · excel gastos fila 712 [origen gastos_caja id=705] | gastos_caja_unidad | efectivo | traslado desde gastos_caja (script mover_gastos_caja_a_vehiculo),operativo_vehiculo,motor
1468c2d4-f8c2-4865-ad32-0352833ce723,2022-10-27,15,70,OTROS GASTOS,OTROS PROVISIONALES,GASTOS_CAJA_UNIDAD,YARIS 15 CONTROL ALARMA  Y MADULO · Excel GASTOS fila 860 [origen gastos_caja id=852],otros gastos | otros provisionales | gastos_provisionales | otros provisionales | yaris 15 control alarma y madulo · excel gastos fila 860 [origen gastos_caja id=852] | gastos_caja_unidad | efectivo | traslado desde gastos_caja (script mover_gastos_caja_a_vehiculo),operativo_vehiculo,motor
aa687e67-0d7f-4d01-a3a8-61ab8672464b,2022-10-27,11,40,OTROS GASTOS,OTROS PROVISIONALES,GASTOS_CAJA_UNIDAD,RIO 11 REGULACION GAS · Excel GASTOS fila 861 [origen gastos_caja id=853],otros gastos | otros provisionales | gastos_provisionales | otros provisionales | rio 11 regulacion gas · excel gastos fila 861 [origen gastos_caja id=853] | gastos_caja_unidad | efectivo | traslado desde gastos_caja (script mover_gastos_caja_a_vehiculo),operativo_vehiculo,motor
65862a9a-b641-4a29-9e70-3c24e1aa9b7a,2023-02-08,16,150,OTROS GASTOS,OTROS PROVISIONALES,GASTOS_CAJA_UNIDAD,VERSA 16 RODAJE TRASERO · Excel GASTOS fila 1080 [origen gastos_caja id=1070],otros gastos | otros provisionales | gastos_provisionales | otros provisionales | versa 16 rodaje trasero · excel gastos fila 1080 [origen gastos_caja id=1070] | gastos_caja_unidad | efectivo | traslado desde gastos_caja (script mover_gastos_caja_a_vehiculo),operativo_vehiculo,motor
83ab0c03-1847-4ff2-8753-ee318934ea7a,2022-11-03,30,190,OTROS GASTOS,OTROS PROVISIONALES,GASTOS_CAJA_UNIDAD,VERSA 30 PASTILLSA DELANTERAS MAS SERVICIOS A 4 RUEDAS · Excel GASTOS fila 877 [origen gastos_caja id=869],otros gastos | otros provisionales | gastos_provisionales | otros provisionales | versa 30 pastillsa delanteras mas servicios a 4 ruedas · excel gastos fila 877 [origen gastos_caja id=869] | gastos_caja_unidad | efectivo | traslado desde gastos_caja (script mover_gastos_caja_a_vehiculo),operativo_vehiculo,motor
0707b141-f612-4bd1-bde3-03adbb80fd6e,2022-11-17,16,60,OTROS GASTOS,OTROS PROVISIONALES,GASTOS_CAJA_UNIDAD,pestillos versa 16 arreglo puerta atrasera lado  izquierdo · Excel GASTOS fila 919 [origen gastos_caja id=911],otros gastos | otros provisionales | gastos_provisionales | otros provisionales | pestillos versa 16 arreglo puerta atrasera lado izquierdo · excel gastos fila 919 [origen gastos_caja id=911] | gastos_caja_unidad | efectivo | traslado desde gastos_caja (script mover_gastos_caja_a_vehiculo),operativo_vehiculo,motor
a66a9b25-69fb-42d6-9eec-0a12b3ccf748,2022-12-04,11,360,OTROS GASTOS,OTROS PROVISIONALES,GASTOS_CAJA_UNIDAD,RIO 11 2/4 ARREGLO MTOOR HENRY PECHY · Excel GASTOS fila 942 [origen gastos_caja id=934],otros gastos | otros provisionales | gastos_provisionales | otros provisionales | rio 11 2/4 arreglo mtoor henry pechy · excel gastos fila 942 [origen gastos_caja id=934] | gastos_caja_unidad | efectivo | traslado desde gastos_caja (script mover_gastos_caja_a_vehiculo),operativo_vehiculo,motor
2c7caada-604c-4ff8-9bd4-a76997680fa9,2022-12-04,19,65,OTROS GASTOS,OTROS PROVISIONALES,GASTOS_CAJA_UNIDAD,VERSA 19 ARREGLO MICA FARO Y PLUMILLAS · Excel GASTOS fila 950 [origen gastos_caja id=942],otros gastos | otros provisionales | gastos_provisionales | otros provisionales | versa 19 arreglo mica faro y plumillas · excel gastos fila 950 [origen gastos_caja id=942] | gastos_caja_unidad | efectivo | traslado desde gastos_caja (script mover_gastos_caja_a_vehiculo),operativo_vehiculo,accesorios
10bd99ea-e097-492b-8a5e-f9ea32fd52ad,2022-12-04,19,90,OTROS GASTOS,OTROS PROVISIONALES,GASTOS_CAJA_UNIDAD,VERSA 19 A/C LIMPIEZA TUBERIAS · Excel GASTOS fila 951 [origen gastos_caja id=943],otros gastos | otros provisionales | gastos_provisionales | otros provisionales | versa 19 a/c limpieza tuberias · excel gastos fila 951 [origen gastos_caja id=943] | gastos_caja_unidad | efectivo | traslado desde gastos_caja (script mover_gastos_caja_a_vehiculo),operativo_vehiculo,aire_acondicionado
0d2db866-d8b2-4689-ab1c-02764af9be34,2022-12-04,16,60,OTROS GASTOS,OTROS PROVISIONALES,GASTOS_CAJA_UNIDAD,VERSA 16 ARREGLO SOPORTE  GUMER · Excel GASTOS fila 960 [origen gastos_caja id=952],otros gastos | otros provisionales | gastos_provisionales | otros provisionales | versa 16 arreglo soporte gumer · excel gastos fila 960 [origen gastos_caja id=952] | gastos_caja_unidad | efectivo | traslado desde gastos_caja (script mover_gastos_caja_a_vehiculo),operativo_vehiculo,motor
8089b525-0da6-4710-914c-92f9e5650bae,2023-01-06,11,363,OTROS GASTOS,OTROS PROVISIONALES,GASTOS_CAJA_UNIDAD,RIO 11 CUOTA 3/4 MOTOR · Excel GASTOS fila 989 [origen gastos_caja id=980],otros gastos | otros provisionales | gastos_provisionales | otros provisionales | rio 11 cuota 3/4 motor · excel gastos fila 989 [origen gastos_caja id=980] | gastos_caja_unidad | efectivo | traslado desde gastos_caja (script mover_gastos_caja_a_vehiculo),operativo_vehiculo,motor
120fcf9a-883f-4eaa-b443-3ab3a1a0b07d,2023-01-06,10,200,OTROS GASTOS,OTROS PROVISIONALES,GASTOS_CAJA_UNIDAD,RIO 10 CUOTA 1/5 MOTOR · Excel GASTOS fila 990 [origen gastos_caja id=981],otros gastos | otros provisionales | gastos_provisionales | otros provisionales | rio 10 cuota 1/5 motor · excel gastos fila 990 [origen gastos_caja id=981] | gastos_caja_unidad | efectivo | traslado desde gastos_caja (script mover_gastos_caja_a_vehiculo),operativo_vehiculo,motor
90718685-65cd-48d2-ad7e-336c61ec9ded,2023-01-06,23,366,OTROS GASTOS,OTROS PROVISIONALES,GASTOS_CAJA_UNIDAD,VERSA 23 CUOTA 1/5 MOTOR · Excel GASTOS fila 991 [origen gastos_caja id=982],otros gastos | otros provisionales | gastos_provisionales | otros provisionales | versa 23 cuota 1/5 motor · excel gastos fila 991 [origen gastos_caja id=982] | gastos_caja_unidad | efectivo | traslado desde gastos_caja (script mover_gastos_caja_a_vehiculo),operativo_vehiculo,motor
78819157-d43e-4358-9004-685cafcfa366,2023-02-02,11,363,OTROS GASTOS,OTROS PROVISIONALES,GASTOS_CAJA_UNIDAD,RIO 11 CUOTA 4/4 MOTOR · Excel GASTOS fila 1037 [origen gastos_caja id=1027],otros gastos | otros provisionales | gastos_provisionales | otros provisionales | rio 11 cuota 4/4 motor · excel gastos fila 1037 [origen gastos_caja id=1027] | gastos_caja_unidad | efectivo | traslado desde gastos_caja (script mover_gastos_caja_a_vehiculo),operativo_vehiculo,motor
65610880-9445-42a5-bbf5-62f0445f2db6,2023-02-02,10,200,OTROS GASTOS,OTROS PROVISIONALES,GASTOS_CAJA_UNIDAD,RIO 10 CUOTA 2/5 MOTOR · Excel GASTOS fila 1038 [origen gastos_caja id=1028],otros gastos | otros provisionales | gastos_provisionales | otros provisionales | rio 10 cuota 2/5 motor · excel gastos fila 1038 [origen gastos_caja id=1028] | gastos_caja_unidad | efectivo | traslado desde gastos_caja (script mover_gastos_caja_a_vehiculo),operativo_vehiculo,motor
7227c490-73db-446f-9b05-87d3a76bd8ee,2023-02-02,23,366,OTROS GASTOS,OTROS PROVISIONALES,GASTOS_CAJA_UNIDAD,VERSA 23 CUOTA 2/5 MOTOR · Excel GASTOS fila 1039 [origen gastos_caja id=1029],otros gastos | otros provisionales | gastos_provisionales | otros provisionales | versa 23 cuota 2/5 motor · excel gastos fila 1039 [origen gastos_caja id=1029] | gastos_caja_unidad | efectivo | traslado desde gastos_caja (script mover_gastos_caja_a_vehiculo),operativo_vehiculo,motor
366b3617-e997-4e3c-99b1-76e39e545fa5,2023-02-02,13,80,OTROS GASTOS,OTROS PROVISIONALES,GASTOS_CAJA_UNIDAD,RIO 13 RECARGA AGS A/C · Excel GASTOS fila 1054 [origen gastos_caja id=1044],otros gastos | otros provisionales | gastos_provisionales | otros provisionales | rio 13 recarga ags a/c · excel gastos fila 1054 [origen gastos_caja id=1044] | gastos_caja_unidad | efectivo | traslado desde gastos_caja (script mover_gastos_caja_a_vehiculo),operativo_vehiculo,aire_acondicionado
b31fa265-f4b1-4d9c-a9ca-99b7ce797d30,2023-02-02,36,50,OTROS GASTOS,OTROS PROVISIONALES,GASTOS_CAJA_UNIDAD,VERSA 36 ASENTADA DE MOTOR · Excel GASTOS fila 1062 [origen gastos_caja id=1052],otros gastos | otros provisionales | gastos_provisionales | otros provisionales | versa 36 asentada de motor · excel gastos fila 1062 [origen gastos_caja id=1052] | gastos_caja_unidad | efectivo | traslado desde gastos_caja (script mover_gastos_caja_a_vehiculo),operativo_vehiculo,motor
10d4e39a-5eff-49d5-b946-e77e7ce3f1f3,2023-03-02,10,200,OTROS GASTOS,OTROS PROVISIONALES,GASTOS_CAJA_UNIDAD,RIO 10 CUOTA 3/5 MOTOR · Excel GASTOS fila 1111 [origen gastos_caja id=1101],otros gastos | otros provisionales | gastos_provisionales | otros provisionales | rio 10 cuota 3/5 motor · excel gastos fila 1111 [origen gastos_caja id=1101] | gastos_caja_unidad | efectivo | traslado desde gastos_caja (script mover_gastos_caja_a_vehiculo),operativo_vehiculo,motor
0605323c-abc6-417a-af19-de020617cbd4,2023-03-02,23,366,OTROS GASTOS,OTROS PROVISIONALES,GASTOS_CAJA_UNIDAD,VERSA 23 CUOTA 3/5 MOTOR · Excel GASTOS fila 1112 [origen gastos_caja id=1102],otros gastos | otros provisionales | gastos_provisionales | otros provisionales | versa 23 cuota 3/5 motor · excel gastos fila 1112 [origen gastos_caja id=1102] | gastos_caja_unidad | efectivo | traslado desde gastos_caja (script mover_gastos_caja_a_vehiculo),operativo_vehiculo,motor
6fb7c474-8ee4-4bde-814d-af4d6af2e282,2023-03-02,25,30,OTROS GASTOS,OTROS PROVISIONALES,GASTOS_CAJA_UNIDAD,VERSA 25 FRENOS REGULACION · Excel GASTOS fila 1123 [origen gastos_caja id=1113],otros gastos | otros provisionales | gastos_provisionales | otros provisionales | versa 25 frenos regulacion · excel gastos fila 1123 [origen gastos_caja id=1113] | gastos_caja_unidad | efectivo | traslado desde gastos_caja (script mover_gastos_caja_a_vehiculo),operativo_vehiculo,frenos
a4d209b0-0c37-413d-b1d8-3b96e852bd86,2023-03-08,19,170,OTROS GASTOS,OTROS PROVISIONALES,GASTOS_CAJA_UNIDAD,VERSA 19 1/4 KIT EMBREGUE · Excel GASTOS fila 1141 [origen gastos_caja id=1131],otros gastos | otros provisionales | gastos_provisionales | otros provisionales | versa 19 1/4 kit embregue · excel gastos fila 1141 [origen gastos_caja id=1131] | gastos_caja_unidad | efectivo | traslado desde gastos_caja (script mover_gastos_caja_a_vehiculo),operativo_vehiculo,motor
c88841be-4018-4b64-8ef6-a1dc571e9e1b,2023-03-08,23,50,OTROS GASTOS,OTROS PROVISIONALES,GASTOS_CAJA_UNIDAD,VERSA 23 FRENOS · Excel GASTOS fila 1145 [origen gastos_caja id=1135],otros gastos | otros provisionales | gastos_provisionales | otros provisionales | versa 23 frenos · excel gastos fila 1145 [origen gastos_caja id=1135] | gastos_caja_unidad | efectivo | traslado desde gastos_caja (script mover_gastos_caja_a_vehiculo),operativo_vehiculo,frenos
0ce6c021-c365-4c3b-ae08-7e72cc51ae86,2023-03-24,16,350,OTROS GASTOS,OTROS PROVISIONALES,GASTOS_CAJA_UNIDAD,2 LLANATS NUEVAS VERSA 16 · Excel GASTOS fila 1152 [origen gastos_caja id=1142],otros gastos | otros provisionales | gastos_provisionales | otros provisionales | 2 llanats nuevas versa 16 · excel gastos fila 1152 [origen gastos_caja id=1142] | gastos_caja_unidad | efectivo | traslado desde gastos_caja (script mover_gastos_caja_a_vehiculo),operativo_vehiculo,motor
5edadcac-79bf-4766-8966-328dbdf7482e,2023-04-05,10,200,OTROS GASTOS,OTROS PROVISIONALES,GASTOS_CAJA_UNIDAD,RIO 10 4/5 CUOTAS MOTOR · Excel GASTOS fila 1160 [origen gastos_caja id=1150],otros gastos | otros provisionales | gastos_provisionales | otros provisionales | rio 10 4/5 cuotas motor · excel gastos fila 1160 [origen gastos_caja id=1150] | gastos_caja_unidad | efectivo | traslado desde gastos_caja (script mover_gastos_caja_a_vehiculo),operativo_vehiculo,motor
5077d49e-6833-4e67-9c36-a4096b013ba2,2023-04-05,23,360,OTROS GASTOS,OTROS PROVISIONALES,GASTOS_CAJA_UNIDAD,VERSA 23 4/5 CUOTAS MOTOR · Excel GASTOS fila 1161 [origen gastos_caja id=1151],otros gastos | otros provisionales | gastos_provisionales | otros provisionales | versa 23 4/5 cuotas motor · excel gastos fila 1161 [origen gastos_caja id=1151] | gastos_caja_unidad | efectivo | traslado desde gastos_caja (script mover_gastos_caja_a_vehiculo),operativo_vehiculo,motor
83f6f0b9-a030-4839-87bb-0f27bf40280d,2023-04-05,13,245,OTROS GASTOS,OTROS PROVISIONALES,GASTOS_CAJA_UNIDAD,RIO 13 2/4 CULATA  CUOTAS · Excel GASTOS fila 1164 [origen gastos_caja id=1154],otros gastos | otros provisionales | gastos_provisionales | otros provisionales | rio 13 2/4 culata cuotas · excel gastos fila 1164 [origen gastos_caja id=1154] | gastos_caja_unidad | efectivo | traslado desde gastos_caja (script mover_gastos_caja_a_vehiculo),operativo_vehiculo,motor
d8322fe3-6cd9-40fd-b1cb-5f784c3e60e5,2023-04-05,35,35,OTROS GASTOS,OTROS PROVISIONALES,GASTOS_CAJA_UNIDAD,ASIENTO ARREGLO PILOTO VERSA 35 · Excel GASTOS fila 1210 [origen gastos_caja id=1200],otros gastos | otros provisionales | gastos_provisionales | otros provisionales | asiento arreglo piloto versa 35 · excel gastos fila 1210 [origen gastos_caja id=1200] | gastos_caja_unidad | efectivo | traslado desde gastos_caja (script mover_gastos_caja_a_vehiculo),operativo_vehiculo,motor
c599fa51-8708-4915-881c-2e789a576bea,2023-05-04,10,200,OTROS GASTOS,OTROS PROVISIONALES,GASTOS_CAJA_UNIDAD,RIO 10 5/5 CUOTAS MOTOR · Excel GASTOS fila 1246 [origen gastos_caja id=1236],otros gastos | otros provisionales | gastos_provisionales | otros provisionales | rio 10 5/5 cuotas motor · excel gastos fila 1246 [origen gastos_caja id=1236] | gastos_caja_unidad | efectivo | traslado desde gastos_caja (script mover_gastos_caja_a_vehiculo),operativo_vehiculo,motor
e360fe7d-bf80-456a-afc4-597e5923ae09,2023-05-04,23,360,OTROS GASTOS,OTROS PROVISIONALES,GASTOS_CAJA_UNIDAD,VERSA 23 5/5 CUOTAS MOTOR · Excel GASTOS fila 1247 [origen gastos_caja id=1237],otros gastos | otros provisionales | gastos_provisionales | otros provisionales | versa 23 5/5 cuotas motor · excel gastos fila 1247 [origen gastos_caja id=1237] | gastos_caja_unidad | efectivo | traslado desde gastos_caja (script mover_gastos_caja_a_vehiculo),operativo_vehiculo,motor
bc0d1bb4-e2ba-4714-b72a-d7046766e3f8,2023-05-04,13,245,OTROS GASTOS,OTROS PROVISIONALES,GASTOS_CAJA_UNIDAD,RIO 13 3/4 CULATA  CUOTAS · Excel GASTOS fila 1250 [origen gastos_caja id=1240],otros gastos | otros provisionales | gastos_provisionales | otros provisionales | rio 13 3/4 culata cuotas · excel gastos fila 1250 [origen gastos_caja id=1240] | gastos_caja_unidad | efectivo | traslado desde gastos_caja (script mover_gastos_caja_a_vehiculo),operativo_vehiculo,motor
8b60026b-ba2b-4cec-8684-80a397eebfcb,2023-06-04,10,40,OTROS GASTOS,OTROS PROVISIONALES,GASTOS_CAJA_UNIDAD,RIO 10 CABLEADO DIRECCIONAL · Excel GASTOS fila 1311 [origen gastos_caja id=1301],otros gastos | otros provisionales | gastos_provisionales | otros provisionales | rio 10 cableado direccional · excel gastos fila 1311 [origen gastos_caja id=1301] | gastos_caja_unidad | efectivo | traslado desde gastos_caja (script mover_gastos_caja_a_vehiculo),operativo_vehiculo,motor
d4c0a7ed-bd5b-4c8b-90ef-707fecc450d4,2023-06-04,10,25,OTROS GASTOS,OTROS PROVISIONALES,GASTOS_CAJA_UNIDAD,RIO 10 PLUMILlas limpia vidrio · Excel GASTOS fila 1332 [origen gastos_caja id=1322],otros gastos | otros provisionales | gastos_provisionales | otros provisionales | rio 10 plumillas limpia vidrio · excel gastos fila 1332 [origen gastos_caja id=1322] | gastos_caja_unidad | efectivo | traslado desde gastos_caja (script mover_gastos_caja_a_vehiculo),operativo_vehiculo,motor
a609c5cf-4330-4670-8ba7-d4c828398762,2023-06-04,13,245,OTROS GASTOS,OTROS PROVISIONALES,GASTOS_CAJA_UNIDAD,RIO 13 4/4 CULATA PECHY · Excel GASTOS fila 1337 [origen gastos_caja id=1327],otros gastos | otros provisionales | gastos_provisionales | otros provisionales | rio 13 4/4 culata pechy · excel gastos fila 1337 [origen gastos_caja id=1327] | gastos_caja_unidad | efectivo | traslado desde gastos_caja (script mover_gastos_caja_a_vehiculo),operativo_vehiculo,motor
d885e915-4060-49b6-9e2b-03385717f116,2023-06-04,10,140,OTROS GASTOS,OTROS PROVISIONALES,GASTOS_CAJA_UNIDAD,rio 10 arreglo chapa carro por robo · Excel GASTOS fila 1342 [origen gastos_caja id=1332],otros gastos | otros provisionales | gastos_provisionales | otros provisionales | rio 10 arreglo chapa carro por robo · excel gastos fila 1342 [origen gastos_caja id=1332] | gastos_caja_unidad | efectivo | traslado desde gastos_caja (script mover_gastos_caja_a_vehiculo),operativo_vehiculo,motor
f6987cf6-c46d-4813-9dd2-84713a0c7434,2023-06-04,18,43,OTROS GASTOS,OTROS PROVISIONALES,GASTOS_CAJA_UNIDAD,PLUMILLAS Y ARREGLO SALIDA DE AGUA VERSA 18 · Excel GASTOS fila 1358 [origen gastos_caja id=1348],otros gastos | otros provisionales | gastos_provisionales | otros provisionales | plumillas y arreglo salida de agua versa 18 · excel gastos fila 1358 [origen gastos_caja id=1348] | gastos_caja_unidad | efectivo | traslado desde gastos_caja (script mover_gastos_caja_a_vehiculo),operativo_vehiculo,motor
c98251f0-422b-43bc-973d-8dcd2fbb1a17,2023-06-07,10,100,OTROS GASTOS,OTROS PROVISIONALES,GASTOS_CAJA_UNIDAD,RIO 10 TAPA DE BALANCINES · Excel GASTOS fila 1369 [origen gastos_caja id=1359],otros gastos | otros provisionales | gastos_provisionales | otros provisionales | rio 10 tapa de balancines · excel gastos fila 1369 [origen gastos_caja id=1359] | gastos_caja_unidad | efectivo | traslado desde gastos_caja (script mover_gastos_caja_a_vehiculo),operativo_vehiculo,motor
64ba45e2-65f3-4d0f-b4ca-5e261429428b,2023-07-05,21,200,OTROS GASTOS,OTROS PROVISIONALES,GASTOS_CAJA_UNIDAD,versa 21 cuota 1/4 kit embregue · Excel GASTOS fila 1413 [origen gastos_caja id=1403],otros gastos | otros provisionales | gastos_provisionales | otros provisionales | versa 21 cuota 1/4 kit embregue · excel gastos fila 1413 [origen gastos_caja id=1403] | gastos_caja_unidad | efectivo | traslado desde gastos_caja (script mover_gastos_caja_a_vehiculo),operativo_vehiculo,motor
e63daf46-b910-4d84-9973-2cc1c4a6175c,2023-07-05,11,200,OTROS GASTOS,OTROS PROVISIONALES,GASTOS_CAJA_UNIDAD,rio 11 cuota 1/6 empaque de culata · Excel GASTOS fila 1414 [origen gastos_caja id=1404],otros gastos | otros provisionales | gastos_provisionales | otros provisionales | rio 11 cuota 1/6 empaque de culata · excel gastos fila 1414 [origen gastos_caja id=1404] | gastos_caja_unidad | efectivo | traslado desde gastos_caja (script mover_gastos_caja_a_vehiculo),operativo_vehiculo,motor
ee6f7cd7-ad37-4109-914d-d30699498cae,2023-07-05,11,200,OTROS GASTOS,OTROS PROVISIONALES,GASTOS_CAJA_UNIDAD,rio 11 cuota 1/6 arreglo caja automatica  mas turbina · Excel GASTOS fila 1415 [origen gastos_caja id=1405],otros gastos | otros provisionales | gastos_provisionales | otros provisionales | rio 11 cuota 1/6 arreglo caja automatica mas turbina · excel gastos fila 1415 [origen gastos_caja id=1405] | gastos_caja_unidad | efectivo | traslado desde gastos_caja (script mover_gastos_caja_a_vehiculo),operativo_vehiculo,motor
e717ca6a-769a-438a-a451-9facf5bce879,2023-07-12,19,60,OTROS GASTOS,OTROS PROVISIONALES,GASTOS_CAJA_UNIDAD,versa 19 empaque multipel · Excel GASTOS fila 1431 [origen gastos_caja id=1421],otros gastos | otros provisionales | gastos_provisionales | otros provisionales | versa 19 empaque multipel · excel gastos fila 1431 [origen gastos_caja id=1421] | gastos_caja_unidad | efectivo | traslado desde gastos_caja (script mover_gastos_caja_a_vehiculo),operativo_vehiculo,motor
026833d0-9bac-4d1d-9f22-09af83ceefe6,2023-07-12,26,180,OTROS GASTOS,OTROS PROVISIONALES,GASTOS_CAJA_UNIDAD,VERSA 26 RODAJE TRASERO · Excel GASTOS fila 1435 [origen gastos_caja id=1425],otros gastos | otros provisionales | gastos_provisionales | otros provisionales | versa 26 rodaje trasero · excel gastos fila 1435 [origen gastos_caja id=1425] | gastos_caja_unidad | efectivo | traslado desde gastos_caja (script mover_gastos_caja_a_vehiculo),operativo_vehiculo,motor
29196092-9abc-4579-8077-ccec790e5ea8,2023-10-03,21,200,OTROS GASTOS,OTROS PROVISIONALES,GASTOS_CAJA_UNIDAD,versa 21 cuota 4/4 kit embregue · Excel GASTOS fila 1688 [origen gastos_caja id=1674],otros gastos | otros provisionales | gastos_provisionales | otros provisionales | versa 21 cuota 4/4 kit embregue · excel gastos fila 1688 [origen gastos_caja id=1674] | gastos_caja_unidad | efectivo | traslado desde gastos_caja (script mover_gastos_caja_a_vehiculo),operativo_vehiculo,motor
43a1da70-0673-4fae-b890-ef4ba9cdbbb8,2023-10-03,11,200,OTROS GASTOS,OTROS PROVISIONALES,GASTOS_CAJA_UNIDAD,rio 11 cuota 4/6 empaque de culata · Excel GASTOS fila 1689 [origen gastos_caja id=1675],otros gastos | otros provisionales | gastos_provisionales | otros provisionales | rio 11 cuota 4/6 empaque de culata · excel gastos fila 1689 [origen gastos_caja id=1675] | gastos_caja_unidad | efectivo | traslado desde gastos_caja (script mover_gastos_caja_a_vehiculo),operativo_vehiculo,motor
13d818be-422c-4c1b-9c1e-9f76ba242632,2023-10-03,11,200,OTROS GASTOS,OTROS PROVISIONALES,GASTOS_CAJA_UNIDAD,rio 11 cuota 4/6 arreglo caja automatica  mas turbina · Excel GASTOS fila 1690 [origen gastos_caja id=1676],otros gastos | otros provisionales | gastos_provisionales | otros provisionales | rio 11 cuota 4/6 arreglo caja automatica mas turbina · excel gastos fila 1690 [origen gastos_caja id=1676] | gastos_caja_unidad | efectivo | traslado desde gastos_caja (script mover_gastos_caja_a_vehiculo),operativo_vehiculo,motor
cfd6120b-78ed-46f5-9be6-16d00975770b,2023-10-03,21,120,OTROS GASTOS,OTROS PROVISIONALES,GASTOS_CAJA_UNIDAD,VERSA 21 3/4 INYECTORES · Excel GASTOS fila 1692 [origen gastos_caja id=1678],otros gastos | otros provisionales | gastos_provisionales | otros provisionales | versa 21 3/4 inyectores · excel gastos fila 1692 [origen gastos_caja id=1678] | gastos_caja_unidad | efectivo | traslado desde gastos_caja (script mover_gastos_caja_a_vehiculo),operativo_vehiculo,motor
49d89608-1a8d-4b0d-9c60-b3e8ddd8337b,2023-08-03,21,200,OTROS GASTOS,OTROS PROVISIONALES,GASTOS_CAJA_UNIDAD,versa 21 cuota 2/4 kit embregue · Excel GASTOS fila 1477 [origen gastos_caja id=1467],otros gastos | otros provisionales | gastos_provisionales | otros provisionales | versa 21 cuota 2/4 kit embregue · excel gastos fila 1477 [origen gastos_caja id=1467] | gastos_caja_unidad | efectivo | traslado desde gastos_caja (script mover_gastos_caja_a_vehiculo),operativo_vehiculo,motor
53954a2f-c5a0-4fb6-8407-2556f7c0d365,2023-08-03,11,200,OTROS GASTOS,OTROS PROVISIONALES,GASTOS_CAJA_UNIDAD,rio 11 cuota 2/6 empaque de culata · Excel GASTOS fila 1478 [origen gastos_caja id=1468],otros gastos | otros provisionales | gastos_provisionales | otros provisionales | rio 11 cuota 2/6 empaque de culata · excel gastos fila 1478 [origen gastos_caja id=1468] | gastos_caja_unidad | efectivo | traslado desde gastos_caja (script mover_gastos_caja_a_vehiculo),operativo_vehiculo,motor
362e87a9-2b02-45e1-a1a5-c423047cc080,2023-08-03,11,200,OTROS GASTOS,OTROS PROVISIONALES,GASTOS_CAJA_UNIDAD,rio 11 cuota 2/6 arreglo caja automatica  mas turbina · Excel GASTOS fila 1479 [origen gastos_caja id=1469],otros gastos | otros provisionales | gastos_provisionales | otros provisionales | rio 11 cuota 2/6 arreglo caja automatica mas turbina · excel gastos fila 1479 [origen gastos_caja id=1469] | gastos_caja_unidad | efectivo | traslado desde gastos_caja (script mover_gastos_caja_a_vehiculo),operativo_vehiculo,motor
4cd8311f-ce00-4ee0-aa5b-77734a7a3132,2023-09-06,21,200,OTROS GASTOS,OTROS PROVISIONALES,GASTOS_CAJA_UNIDAD,versa 21 cuota 3/4 kit embregue · Excel GASTOS fila 1554 [origen gastos_caja id=1540],otros gastos | otros provisionales | gastos_provisionales | otros provisionales | versa 21 cuota 3/4 kit embregue · excel gastos fila 1554 [origen gastos_caja id=1540] | gastos_caja_unidad | efectivo | traslado desde gastos_caja (script mover_gastos_caja_a_vehiculo),operativo_vehiculo,motor
075cb993-a4eb-4d78-95c4-195b24f5ec9a,2023-09-06,11,200,OTROS GASTOS,OTROS PROVISIONALES,GASTOS_CAJA_UNIDAD,rio 11 cuota 3/6 empaque de culata · Excel GASTOS fila 1555 [origen gastos_caja id=1541],otros gastos | otros provisionales | gastos_provisionales | otros provisionales | rio 11 cuota 3/6 empaque de culata · excel gastos fila 1555 [origen gastos_caja id=1541] | gastos_caja_unidad | efectivo | traslado desde gastos_caja (script mover_gastos_caja_a_vehiculo),operativo_vehiculo,motor
203c28d6-d8d6-435a-8dd8-bdb9fee6cb6a,2023-09-06,11,200,OTROS GASTOS,OTROS PROVISIONALES,GASTOS_CAJA_UNIDAD,rio 11 cuota 3/6 arreglo caja automatica  mas turbina · Excel GASTOS fila 1556 [origen gastos_caja id=1542],otros gastos | otros provisionales | gastos_provisionales | otros provisionales | rio 11 cuota 3/6 arreglo caja automatica mas turbina · excel gastos fila 1556 [origen gastos_caja id=1542] | gastos_caja_unidad | efectivo | traslado desde gastos_caja (script mover_gastos_caja_a_vehiculo),operativo_vehiculo,motor
6b8d4aff-0ace-438c-b4de-4836441f4f19,2023-09-06,21,120,OTROS GASTOS,OTROS PROVISIONALES,GASTOS_CAJA_UNIDAD,VERSA 21 2/4 INYECTORES · Excel GASTOS fila 1561 [origen gastos_caja id=1547],otros gastos | otros provisionales | gastos_provisionales | otros provisionales | versa 21 2/4 inyectores · excel gastos fila 1561 [origen gastos_caja id=1547] | gastos_caja_unidad | efectivo | traslado desde gastos_caja (script mover_gastos_caja_a_vehiculo),operativo_vehiculo,motor
f0872a44-f08e-450f-837f-20da7ad89840,2023-09-06,12,150,OTROS GASTOS,OTROS PROVISIONALES,GASTOS_CAJA_UNIDAD,RIO 12 1/4 ARREGLO CAJA DE CAMBIOS + OQUILLAS Y RODAJE · Excel GASTOS fila 1570 [origen gastos_caja id=1556],otros gastos | otros provisionales | gastos_provisionales | otros provisionales | rio 12 1/4 arreglo caja de cambios + oquillas y rodaje · excel gastos fila 1570 [origen gastos_caja id=1556] | gastos_caja_unidad | efectivo | traslado desde gastos_caja (script mover_gastos_caja_a_vehiculo),operativo_vehiculo,motor
d65fc290-5e45-4565-8e0d-4d903d24e4ea,2023-09-06,14,150,OTROS GASTOS,OTROS PROVISIONALES,GASTOS_CAJA_UNIDAD,RIO 14 CONECTAR VENTILADOR Y RECARGA A/C JESUS · Excel GASTOS fila 1606 [origen gastos_caja id=1592],otros gastos | otros provisionales | gastos_provisionales | otros provisionales | rio 14 conectar ventilador y recarga a/c jesus · excel gastos fila 1606 [origen gastos_caja id=1592] | gastos_caja_unidad | efectivo | traslado desde gastos_caja (script mover_gastos_caja_a_vehiculo),operativo_vehiculo,aire_acondicionado
074a40e1-43b1-4a72-84f8-2e437849c790,2023-09-06,14,70,OTROS GASTOS,OTROS PROVISIONALES,GASTOS_CAJA_UNIDAD,RIO 14 UNA PLUMILLA Y ARREGLO PARACHOQUE · Excel GASTOS fila 1608 [origen gastos_caja id=1594],otros gastos | otros provisionales | gastos_provisionales | otros provisionales | rio 14 una plumilla y arreglo parachoque · excel gastos fila 1608 [origen gastos_caja id=1594] | gastos_caja_unidad | efectivo | traslado desde gastos_caja (script mover_gastos_caja_a_vehiculo),operativo_vehiculo,motor
c446862b-a144-4a2b-b75d-93be1c2db801,2023-09-06,14,125,OTROS GASTOS,OTROS PROVISIONALES,GASTOS_CAJA_UNIDAD,RIO 14 CHAPA PUERTA MALETERA Y SELENOIDE PUERTA PILOTO · Excel GASTOS fila 1609 [origen gastos_caja id=1595],otros gastos | otros provisionales | gastos_provisionales | otros provisionales | rio 14 chapa puerta maletera y selenoide puerta piloto · excel gastos fila 1609 [origen gastos_caja id=1595] | gastos_caja_unidad | efectivo | traslado desde gastos_caja (script mover_gastos_caja_a_vehiculo),operativo_vehiculo,motor
f6d98f36-2ca5-4b24-b3b0-87f43a475c22,2023-09-06,14,340,OTROS GASTOS,OTROS PROVISIONALES,GASTOS_CAJA_UNIDAD,RIO 14 JESUS A/C  ARREGLA ESTRELLA NUEVA Y RODAJE Y ARREGLO · Excel GASTOS fila 1611 [origen gastos_caja id=1597],otros gastos | otros provisionales | gastos_provisionales | otros provisionales | rio 14 jesus a/c arregla estrella nueva y rodaje y arreglo · excel gastos fila 1611 [origen gastos_caja id=1597] | gastos_caja_unidad | efectivo | traslado desde gastos_caja (script mover_gastos_caja_a_vehiculo),operativo_vehiculo,aire_acondicionado
009129ea-255d-4b34-aad7-0b8b31d138bd,2023-11-03,16,100,OTROS GASTOS,OTROS PROVISIONALES,GASTOS_CAJA_UNIDAD,VERSA 16 2/4 2 DISCOS DE FRENO MAS 1 PASTILLA · Excel GASTOS fila 1852 [origen gastos_caja id=1838],otros gastos | otros provisionales | gastos_provisionales | otros provisionales | versa 16 2/4 2 discos de freno mas 1 pastilla · excel gastos fila 1852 [origen gastos_caja id=1838] | gastos_caja_unidad | efectivo | traslado desde gastos_caja (script mover_gastos_caja_a_vehiculo),operativo_vehiculo,frenos
975cdea7-d74c-4383-a4a1-f13f17194885,2023-10-03,12,150,OTROS GASTOS,OTROS PROVISIONALES,GASTOS_CAJA_UNIDAD,RIO 12 2/4 ARREGLO CAJA DE CAMBIOS + OQUILLAS Y RODAJE · Excel GASTOS fila 1701 [origen gastos_caja id=1687],otros gastos | otros provisionales | gastos_provisionales | otros provisionales | rio 12 2/4 arreglo caja de cambios + oquillas y rodaje · excel gastos fila 1701 [origen gastos_caja id=1687] | gastos_caja_unidad | efectivo | traslado desde gastos_caja (script mover_gastos_caja_a_vehiculo),operativo_vehiculo,motor
20351d60-e472-49fd-9371-429c0decfeaf,2023-10-03,16,100,OTROS GASTOS,OTROS PROVISIONALES,GASTOS_CAJA_UNIDAD,VERSA 16 1/4 2 DISCOS DE FRENO MAS 1 PASTILLA · Excel GASTOS fila 1708 [origen gastos_caja id=1694],otros gastos | otros provisionales | gastos_provisionales | otros provisionales | versa 16 1/4 2 discos de freno mas 1 pastilla · excel gastos fila 1708 [origen gastos_caja id=1694] | gastos_caja_unidad | efectivo | traslado desde gastos_caja (script mover_gastos_caja_a_vehiculo),operativo_vehiculo,frenos
040e6c5f-54df-437f-9084-29f4f5ab3b9e,2023-10-03,15,45,OTROS GASTOS,OTROS PROVISIONALES,GASTOS_CAJA_UNIDAD,YARIS 15 LIMPIEZA A/C · Excel GASTOS fila 1721 [origen gastos_caja id=1707],otros gastos | otros provisionales | gastos_provisionales | otros provisionales | yaris 15 limpieza a/c · excel gastos fila 1721 [origen gastos_caja id=1707] | gastos_caja_unidad | efectivo | traslado desde gastos_caja (script mover_gastos_caja_a_vehiculo),operativo_vehiculo,aire_acondicionado
05e79e06-e7f8-4e44-a009-ea6a16e31cb6,2023-10-03,42,50,OTROS GASTOS,OTROS PROVISIONALES,GASTOS_CAJA_UNIDAD,PEAJE ASENTADA DE MOTOR VERSA 42 · Excel GASTOS fila 1779 [origen gastos_caja id=1765],otros gastos | otros provisionales | gastos_provisionales | otros provisionales | peaje asentada de motor versa 42 · excel gastos fila 1779 [origen gastos_caja id=1765] | gastos_caja_unidad | efectivo | traslado desde gastos_caja (script mover_gastos_caja_a_vehiculo),operativo_vehiculo,motor
cfbaff6b-cee8-4a78-8728-99277a52acb1,2019-02-28,1,90,IMPUESTO SAT,IMPUESTO SAT,,[FEBRERO] YARIS 01 ANF-599 — IMPUESTO SAT,impuesto sat | gastos_tributarios | impuesto sat | [febrero] yaris 01 anf-599 — impuesto sat | otro | excel gastos la moneda,operativo_vehiculo,motor
4201f391-6688-4bac-ba9d-9836d274352b,2023-11-03,11,200,OTROS GASTOS,OTROS PROVISIONALES,GASTOS_CAJA_UNIDAD,rio 11 cuota 5/6 empaque de culata · Excel GASTOS fila 1837 [origen gastos_caja id=1823],otros gastos | otros provisionales | gastos_provisionales | otros provisionales | rio 11 cuota 5/6 empaque de culata · excel gastos fila 1837 [origen gastos_caja id=1823] | gastos_caja_unidad | efectivo | traslado desde gastos_caja (script mover_gastos_caja_a_vehiculo),operativo_vehiculo,motor
65eb8ffd-0bad-4947-9663-6718c224e1c7,2023-11-03,11,200,OTROS GASTOS,OTROS PROVISIONALES,GASTOS_CAJA_UNIDAD,rio 11 cuota 5/6 arreglo caja automatica  mas turbina · Excel GASTOS fila 1838 [origen gastos_caja id=1824],otros gastos | otros provisionales | gastos_provisionales | otros provisionales | rio 11 cuota 5/6 arreglo caja automatica mas turbina · excel gastos fila 1838 [origen gastos_caja id=1824] | gastos_caja_unidad | efectivo | traslado desde gastos_caja (script mover_gastos_caja_a_vehiculo),operativo_vehiculo,motor
6d308ce3-1a94-4bb0-b0e9-bde94a2f4650,2023-11-03,21,120,OTROS GASTOS,OTROS PROVISIONALES,GASTOS_CAJA_UNIDAD,VERSA 21 4/4 INYECTORES · Excel GASTOS fila 1839 [origen gastos_caja id=1825],otros gastos | otros provisionales | gastos_provisionales | otros provisionales | versa 21 4/4 inyectores · excel gastos fila 1839 [origen gastos_caja id=1825] | gastos_caja_unidad | efectivo | traslado desde gastos_caja (script mover_gastos_caja_a_vehiculo),operativo_vehiculo,motor
d0e458bc-c7f6-44b2-808a-356a4958456c,2023-11-03,12,150,OTROS GASTOS,OTROS PROVISIONALES,GASTOS_CAJA_UNIDAD,RIO 12 3/4 ARREGLO CAJA DE CAMBIOS + OQUILLAS Y RODAJE · Excel GASTOS fila 1845 [origen gastos_caja id=1831],otros gastos | otros provisionales | gastos_provisionales | otros provisionales | rio 12 3/4 arreglo caja de cambios + oquillas y rodaje · excel gastos fila 1845 [origen gastos_caja id=1831] | gastos_caja_unidad | efectivo | traslado desde gastos_caja (script mover_gastos_caja_a_vehiculo),operativo_vehiculo,motor
1a02c52c-fbb1-4641-923e-68a718928221,2023-12-26,13,210,OTROS GASTOS,OTROS PROVISIONALES,GASTOS_CAJA_UNIDAD,RIO 13 A/C JESIS VALVULA DE SEGUNDO · Excel GASTOS fila 2064 [origen gastos_caja id=2050],otros gastos | otros provisionales | gastos_provisionales | otros provisionales | rio 13 a/c jesis valvula de segundo · excel gastos fila 2064 [origen gastos_caja id=2050] | gastos_caja_unidad | efectivo | traslado desde gastos_caja (script mover_gastos_caja_a_vehiculo),operativo_vehiculo,aire_acondicionado
821971fd-428e-4a78-bdae-943658376cc0,2023-11-08,22,110,OTROS GASTOS,OTROS PROVISIONALES,GASTOS_CAJA_UNIDAD,VERSA 22 1/3 SOPORTE DE MOTOR · Excel GASTOS fila 1859 [origen gastos_caja id=1845],otros gastos | otros provisionales | gastos_provisionales | otros provisionales | versa 22 1/3 soporte de motor · excel gastos fila 1859 [origen gastos_caja id=1845] | gastos_caja_unidad | efectivo | traslado desde gastos_caja (script mover_gastos_caja_a_vehiculo),operativo_vehiculo,motor
e3e4157c-2bb2-4bfe-a401-d7358001f018,2023-11-08,20,130,OTROS GASTOS,OTROS PROVISIONALES,GASTOS_CAJA_UNIDAD,VERSA 20 1/2 SOPORTE DE CAJA Y CABLE DE CAJA · Excel GASTOS fila 1861 [origen gastos_caja id=1847],otros gastos | otros provisionales | gastos_provisionales | otros provisionales | versa 20 1/2 soporte de caja y cable de caja · excel gastos fila 1861 [origen gastos_caja id=1847] | gastos_caja_unidad | efectivo | traslado desde gastos_caja (script mover_gastos_caja_a_vehiculo),operativo_vehiculo,motor
07720fd3-78bb-4311-85a2-f1fe67603646,2023-11-08,18,150,OTROS GASTOS,OTROS PROVISIONALES,GASTOS_CAJA_UNIDAD,VERSA 18 1 INYECTOR PECHY · Excel GASTOS fila 1862 [origen gastos_caja id=1848],otros gastos | otros provisionales | gastos_provisionales | otros provisionales | versa 18 1 inyector pechy · excel gastos fila 1862 [origen gastos_caja id=1848] | gastos_caja_unidad | efectivo | traslado desde gastos_caja (script mover_gastos_caja_a_vehiculo),operativo_vehiculo,motor
31db6627-cb4f-4f98-8abb-d96761d32fd3,2023-11-08,16,130,OTROS GASTOS,OTROS PROVISIONALES,GASTOS_CAJA_UNIDAD,VERSA 16 RODAJE POSTERIOR · Excel GASTOS fila 1864 [origen gastos_caja id=1850],otros gastos | otros provisionales | gastos_provisionales | otros provisionales | versa 16 rodaje posterior · excel gastos fila 1864 [origen gastos_caja id=1850] | gastos_caja_unidad | efectivo | traslado desde gastos_caja (script mover_gastos_caja_a_vehiculo),operativo_vehiculo,motor
ef8b349d-b14d-4b5b-ba9b-b17b6e766e40,2023-11-08,19,190,OTROS GASTOS,OTROS PROVISIONALES,GASTOS_CAJA_UNIDAD,VERSA 19 1 RODAJE · Excel GASTOS fila 1865 [origen gastos_caja id=1851],otros gastos | otros provisionales | gastos_provisionales | otros provisionales | versa 19 1 rodaje · excel gastos fila 1865 [origen gastos_caja id=1851] | gastos_caja_unidad | efectivo | traslado desde gastos_caja (script mover_gastos_caja_a_vehiculo),operativo_vehiculo,motor
bd9278c8-f654-41c2-b765-0d0d0d16642c,2023-11-04,23,60,OTROS GASTOS,OTROS PROVISIONALES,GASTOS_CAJA_UNIDAD,VERSA 23 MICA TRASERA IZQUIERDO LADO · Excel GASTOS fila 1893 [origen gastos_caja id=1879],otros gastos | otros provisionales | gastos_provisionales | otros provisionales | versa 23 mica trasera izquierdo lado · excel gastos fila 1893 [origen gastos_caja id=1879] | gastos_caja_unidad | efectivo | traslado desde gastos_caja (script mover_gastos_caja_a_vehiculo),operativo_vehiculo,motor
91a8caad-cfc4-4adc-a1ea-9ef54458f46d,2023-12-07,11,230,OTROS GASTOS,OTROS PROVISIONALES,GASTOS_CAJA_UNIDAD,rio 11 cuota 6/6 empaque de culata · Excel GASTOS fila 1972 [origen gastos_caja id=1958],otros gastos | otros provisionales | gastos_provisionales | otros provisionales | rio 11 cuota 6/6 empaque de culata · excel gastos fila 1972 [origen gastos_caja id=1958] | gastos_caja_unidad | efectivo | traslado desde gastos_caja (script mover_gastos_caja_a_vehiculo),operativo_vehiculo,motor
0265f4b2-b1c1-4043-a1fc-b43d55fdfa2b,2023-12-07,11,190,OTROS GASTOS,OTROS PROVISIONALES,GASTOS_CAJA_UNIDAD,rio 11 cuota 6/6 arreglo caja automatica  mas turbina · Excel GASTOS fila 1973 [origen gastos_caja id=1959],otros gastos | otros provisionales | gastos_provisionales | otros provisionales | rio 11 cuota 6/6 arreglo caja automatica mas turbina · excel gastos fila 1973 [origen gastos_caja id=1959] | gastos_caja_unidad | efectivo | traslado desde gastos_caja (script mover_gastos_caja_a_vehiculo),operativo_vehiculo,motor
485281e8-4ee6-44e2-bb28-eed6ec8386dd,2023-12-07,12,140,OTROS GASTOS,OTROS PROVISIONALES,GASTOS_CAJA_UNIDAD,RIO 12 4/4 ARREGLO CAJA DE CAMBIOS + OQUILLAS Y RODAJE · Excel GASTOS fila 1977 [origen gastos_caja id=1963],otros gastos | otros provisionales | gastos_provisionales | otros provisionales | rio 12 4/4 arreglo caja de cambios + oquillas y rodaje · excel gastos fila 1977 [origen gastos_caja id=1963] | gastos_caja_unidad | efectivo | traslado desde gastos_caja (script mover_gastos_caja_a_vehiculo),operativo_vehiculo,motor
dd9b11a2-4339-41b0-b0aa-e0615e1e8094,2023-12-07,16,100,OTROS GASTOS,OTROS PROVISIONALES,GASTOS_CAJA_UNIDAD,VERSA 16 3/4 2 DISCOS DE FRENO MAS 1 PASTILLA · Excel GASTOS fila 1983 [origen gastos_caja id=1969],otros gastos | otros provisionales | gastos_provisionales | otros provisionales | versa 16 3/4 2 discos de freno mas 1 pastilla · excel gastos fila 1983 [origen gastos_caja id=1969] | gastos_caja_unidad | efectivo | traslado desde gastos_caja (script mover_gastos_caja_a_vehiculo),operativo_vehiculo,frenos
c5044868-2b6b-4dc6-882e-87d2118ac182,2023-12-07,22,110,OTROS GASTOS,OTROS PROVISIONALES,GASTOS_CAJA_UNIDAD,VERSA 22 2/3 SOPORTE DE MOTOR · Excel GASTOS fila 1990 [origen gastos_caja id=1976],otros gastos | otros provisionales | gastos_provisionales | otros provisionales | versa 22 2/3 soporte de motor · excel gastos fila 1990 [origen gastos_caja id=1976] | gastos_caja_unidad | efectivo | traslado desde gastos_caja (script mover_gastos_caja_a_vehiculo),operativo_vehiculo,motor
d9aafbd2-e9e5-4cc7-9a3f-4c00aa3c93b4,2023-12-07,20,140,OTROS GASTOS,OTROS PROVISIONALES,GASTOS_CAJA_UNIDAD,VERSA 20 2/2 SOPORTE DE CAJA Y CABLE DE CAJA · Excel GASTOS fila 1992 [origen gastos_caja id=1978],otros gastos | otros provisionales | gastos_provisionales | otros provisionales | versa 20 2/2 soporte de caja y cable de caja · excel gastos fila 1992 [origen gastos_caja id=1978] | gastos_caja_unidad | efectivo | traslado desde gastos_caja (script mover_gastos_caja_a_vehiculo),operativo_vehiculo,motor
424d6940-d05c-4952-9b19-21ba8da97496,2023-12-18,38,180,OTROS GASTOS,OTROS PROVISIONALES,GASTOS_CAJA_UNIDAD,VERSA 38 CAMBIO RODAJE TRASERO LADO COPILOTO GUMER · Excel GASTOS fila 2058 [origen gastos_caja id=2044],otros gastos | otros provisionales | gastos_provisionales | otros provisionales | versa 38 cambio rodaje trasero lado copiloto gumer · excel gastos fila 2058 [origen gastos_caja id=2044] | gastos_caja_unidad | efectivo | traslado desde gastos_caja (script mover_gastos_caja_a_vehiculo),operativo_vehiculo,motor
56cee50f-347c-49c5-aa9b-f8f730b46a41,2023-12-18,13,300,OTROS GASTOS,OTROS PROVISIONALES,GASTOS_CAJA_UNIDAD,RIO 13 ARREGLO MALETERA Y PULIDO · Excel GASTOS fila 2060 [origen gastos_caja id=2046],otros gastos | otros provisionales | gastos_provisionales | otros provisionales | rio 13 arreglo maletera y pulido · excel gastos fila 2060 [origen gastos_caja id=2046] | gastos_caja_unidad | efectivo | traslado desde gastos_caja (script mover_gastos_caja_a_vehiculo),operativo_vehiculo,motor
1527beb2-a059-4d6e-8474-415ef1fd1e5c,2024-01-02,13,20,OTROS GASTOS,OTROS PROVISIONALES,GASTOS_CAJA_UNIDAD,RIO 13 PRENSA PARA SACAR RODAJE · Excel GASTOS fila 2104 [origen gastos_caja id=2090],otros gastos | otros provisionales | gastos_provisionales | otros provisionales | rio 13 prensa para sacar rodaje · excel gastos fila 2104 [origen gastos_caja id=2090] | gastos_caja_unidad | efectivo | traslado desde gastos_caja (script mover_gastos_caja_a_vehiculo),operativo_vehiculo,motor
1ffa916e-f7e5-46c1-a18c-f802d71788e0,2024-01-02,13,80,OTROS GASTOS,OTROS PROVISIONALES,GASTOS_CAJA_UNIDAD,RIO 13 ARRELO LUNAS ERICK · Excel GASTOS fila 2112 [origen gastos_caja id=2098],otros gastos | otros provisionales | gastos_provisionales | otros provisionales | rio 13 arrelo lunas erick · excel gastos fila 2112 [origen gastos_caja id=2098] | gastos_caja_unidad | efectivo | traslado desde gastos_caja (script mover_gastos_caja_a_vehiculo),operativo_vehiculo,motor
9978f589-d106-4a95-941a-249d2bf88267,2024-01-02,13,50,OTROS GASTOS,OTROS PROVISIONALES,GASTOS_CAJA_UNIDAD,RIO 13 PEAJE  ASENTADA DE MOTOR · Excel GASTOS fila 2117 [origen gastos_caja id=2103],otros gastos | otros provisionales | gastos_provisionales | otros provisionales | rio 13 peaje asentada de motor · excel gastos fila 2117 [origen gastos_caja id=2103] | gastos_caja_unidad | efectivo | traslado desde gastos_caja (script mover_gastos_caja_a_vehiculo),operativo_vehiculo,motor
b9223c83-c5b4-4e3c-ad0f-2393c6554390,2024-01-09,21,150,OTROS GASTOS,OTROS PROVISIONALES,GASTOS_CAJA_UNIDAD,VERSA 21 CAMBIO DE BOCINAS Y REGULACION FRENOS · Excel GASTOS fila 2135 [origen gastos_caja id=2121],otros gastos | otros provisionales | gastos_provisionales | otros provisionales | versa 21 cambio de bocinas y regulacion frenos · excel gastos fila 2135 [origen gastos_caja id=2121] | gastos_caja_unidad | efectivo | traslado desde gastos_caja (script mover_gastos_caja_a_vehiculo),operativo_vehiculo,frenos
b3e229ae-78c9-4a1d-81ef-862022f31633,2024-01-09,21,30,OTROS GASTOS,OTROS PROVISIONALES,GASTOS_CAJA_UNIDAD,VERSA 21 ARREGLO EQUIPO DE SONIDO · Excel GASTOS fila 2136 [origen gastos_caja id=2122],otros gastos | otros provisionales | gastos_provisionales | otros provisionales | versa 21 arreglo equipo de sonido · excel gastos fila 2136 [origen gastos_caja id=2122] | gastos_caja_unidad | efectivo | traslado desde gastos_caja (script mover_gastos_caja_a_vehiculo),operativo_vehiculo,motor
59929289-645d-4c6f-bdef-d0ff369123c3,2024-01-11,16,100,OTROS GASTOS,OTROS PROVISIONALES,GASTOS_CAJA_UNIDAD,VERSA 16 4/4 2 DISCOS DE FRENO MAS 1 PASTILLA · Excel GASTOS fila 2153 [origen gastos_caja id=2139],otros gastos | otros provisionales | gastos_provisionales | otros provisionales | versa 16 4/4 2 discos de freno mas 1 pastilla · excel gastos fila 2153 [origen gastos_caja id=2139] | gastos_caja_unidad | efectivo | traslado desde gastos_caja (script mover_gastos_caja_a_vehiculo),operativo_vehiculo,frenos
22bb42a0-187b-4486-b7fc-4459beca8bc6,2024-01-11,22,110,OTROS GASTOS,OTROS PROVISIONALES,GASTOS_CAJA_UNIDAD,VERSA 22 3/3 SOPORTE DE MOTOR · Excel GASTOS fila 2158 [origen gastos_caja id=2144],otros gastos | otros provisionales | gastos_provisionales | otros provisionales | versa 22 3/3 soporte de motor · excel gastos fila 2158 [origen gastos_caja id=2144] | gastos_caja_unidad | efectivo | traslado desde gastos_caja (script mover_gastos_caja_a_vehiculo),operativo_vehiculo,motor
f578d302-5ed7-482f-8134-f159b3bfeec9,2024-01-11,13,260,OTROS GASTOS,OTROS PROVISIONALES,GASTOS_CAJA_UNIDAD,RIO 13 1/8 ARREGLO MOTOR ANILLOS · Excel GASTOS fila 2162 [origen gastos_caja id=2148],otros gastos | otros provisionales | gastos_provisionales | otros provisionales | rio 13 1/8 arreglo motor anillos · excel gastos fila 2162 [origen gastos_caja id=2148] | gastos_caja_unidad | efectivo | traslado desde gastos_caja (script mover_gastos_caja_a_vehiculo),operativo_vehiculo,motor
c6ddde25-e1ca-4b67-8f43-88225d918692,2024-01-11,12,130,OTROS GASTOS,OTROS PROVISIONALES,GASTOS_CAJA_UNIDAD,RIO 12 1/5 ARREGLO CAJA · Excel GASTOS fila 2163 [origen gastos_caja id=2149],otros gastos | otros provisionales | gastos_provisionales | otros provisionales | rio 12 1/5 arreglo caja · excel gastos fila 2163 [origen gastos_caja id=2149] | gastos_caja_unidad | efectivo | traslado desde gastos_caja (script mover_gastos_caja_a_vehiculo),operativo_vehiculo,motor
4f263905-d1a9-43a6-a2a0-32c8c18fc692,2024-01-11,33,80,OTROS GASTOS,OTROS PROVISIONALES,GASTOS_CAJA_UNIDAD,VERSA 33 RECTIFICACION DISCOS · Excel GASTOS fila 2169 [origen gastos_caja id=2155],otros gastos | otros provisionales | gastos_provisionales | otros provisionales | versa 33 rectificacion discos · excel gastos fila 2169 [origen gastos_caja id=2155] | gastos_caja_unidad | efectivo | traslado desde gastos_caja (script mover_gastos_caja_a_vehiculo),operativo_vehiculo,frenos
518f173e-084e-45bb-a1b0-b3d1863136f8,2024-01-11,23,50,OTROS GASTOS,OTROS PROVISIONALES,GASTOS_CAJA_UNIDAD,VERSA 23 LIQUIDO FRENOS 1 LITRO · Excel GASTOS fila 2173 [origen gastos_caja id=2159],otros gastos | otros provisionales | gastos_provisionales | otros provisionales | versa 23 liquido frenos 1 litro · excel gastos fila 2173 [origen gastos_caja id=2159] | gastos_caja_unidad | efectivo | traslado desde gastos_caja (script mover_gastos_caja_a_vehiculo),operativo_vehiculo,frenos
5290a699-106d-4547-b36d-c8b2d0415aa5,2024-02-08,14,420,OTROS GASTOS,OTROS PROVISIONALES,GASTOS_CAJA_UNIDAD,RIO 14 CUOTA 5/7 ARREGLO MOTOR · Excel GASTOS fila 2217 [origen gastos_caja id=2203],otros gastos | otros provisionales | gastos_provisionales | otros provisionales | rio 14 cuota 5/7 arreglo motor · excel gastos fila 2217 [origen gastos_caja id=2203] | gastos_caja_unidad | efectivo | traslado desde gastos_caja (script mover_gastos_caja_a_vehiculo),operativo_vehiculo,motor
48df5687-b8fb-4233-9d82-f440c507f630,2024-02-08,22,250,OTROS GASTOS,OTROS PROVISIONALES,GASTOS_CAJA_UNIDAD,VERSA 22 CUOTA 4/5 CULATA · Excel GASTOS fila 2220 [origen gastos_caja id=2206],otros gastos | otros provisionales | gastos_provisionales | otros provisionales | versa 22 cuota 4/5 culata · excel gastos fila 2220 [origen gastos_caja id=2206] | gastos_caja_unidad | efectivo | traslado desde gastos_caja (script mover_gastos_caja_a_vehiculo),operativo_vehiculo,motor
add2050b-9def-4606-9773-73560de51ca0,2024-02-13,16,150,OTROS GASTOS,OTROS PROVISIONALES,GASTOS_CAJA_UNIDAD,VERSA 16 1/2 RODAJES · Excel GASTOS fila 2229 [origen gastos_caja id=2215],otros gastos | otros provisionales | gastos_provisionales | otros provisionales | versa 16 1/2 rodajes · excel gastos fila 2229 [origen gastos_caja id=2215] | gastos_caja_unidad | efectivo | traslado desde gastos_caja (script mover_gastos_caja_a_vehiculo),operativo_vehiculo,motor
24e9d77e-73ab-4dd5-a4ba-b93d78c1bc33,2024-02-13,31,150,OTROS GASTOS,OTROS PROVISIONALES,GASTOS_CAJA_UNIDAD,VERSA 31 CUOTA 1/3 VENTILADOR COMPLETO · Excel GASTOS fila 2230 [origen gastos_caja id=2216],otros gastos | otros provisionales | gastos_provisionales | otros provisionales | versa 31 cuota 1/3 ventilador completo · excel gastos fila 2230 [origen gastos_caja id=2216] | gastos_caja_unidad | efectivo | traslado desde gastos_caja (script mover_gastos_caja_a_vehiculo),operativo_vehiculo,motor
82299bb7-8d5f-472f-b3c8-c9fe88585eee,2024-02-08,34,70,OTROS GASTOS,OTROS PROVISIONALES,GASTOS_CAJA_UNIDAD,VERSA 34 PERMISO DE LUNAS · Excel GASTOS fila 2231 [origen gastos_caja id=2217],otros gastos | otros provisionales | gastos_provisionales | otros provisionales | versa 34 permiso de lunas · excel gastos fila 2231 [origen gastos_caja id=2217] | gastos_caja_unidad | efectivo | traslado desde gastos_caja (script mover_gastos_caja_a_vehiculo),operativo_vehiculo,motor
63cd786c-143f-4602-880e-63703880c2de,2024-02-08,25,70,OTROS GASTOS,OTROS PROVISIONALES,GASTOS_CAJA_UNIDAD,VERSA 25 PERMISO DE LUNAS · Excel GASTOS fila 2232 [origen gastos_caja id=2218],otros gastos | otros provisionales | gastos_provisionales | otros provisionales | versa 25 permiso de lunas · excel gastos fila 2232 [origen gastos_caja id=2218] | gastos_caja_unidad | efectivo | traslado desde gastos_caja (script mover_gastos_caja_a_vehiculo),operativo_vehiculo,motor
6fa20973-fe0c-4e15-81a0-576311de61b7,2024-02-08,10,60,OTROS GASTOS,OTROS PROVISIONALES,GASTOS_CAJA_UNIDAD,RIO 10 ARREGLO PECHY MOTOR · Excel GASTOS fila 2245 [origen gastos_caja id=2231],otros gastos | otros provisionales | gastos_provisionales | otros provisionales | rio 10 arreglo pechy motor · excel gastos fila 2245 [origen gastos_caja id=2231] | gastos_caja_unidad | efectivo | traslado desde gastos_caja (script mover_gastos_caja_a_vehiculo),operativo_vehiculo,motor
0ac0520b-1892-423c-b3d4-5f636525aea7,2024-02-08,22,72,OTROS GASTOS,OTROS PROVISIONALES,GASTOS_CAJA_UNIDAD,VERSA 22 PERMISO LUNAS · Excel GASTOS fila 2255 [origen gastos_caja id=2241],otros gastos | otros provisionales | gastos_provisionales | otros provisionales | versa 22 permiso lunas · excel gastos fila 2255 [origen gastos_caja id=2241] | gastos_caja_unidad | efectivo | traslado desde gastos_caja (script mover_gastos_caja_a_vehiculo),operativo_vehiculo,motor
64b6ca7b-396b-4417-9855-42022d1765ea,2024-04-06,31,100,OTROS GASTOS,OTROS PROVISIONALES,GASTOS_CAJA_UNIDAD,VERSA 31 CUOTA 3/3 VENTILADOR COMPLETO · Excel GASTOS fila 2457 [origen gastos_caja id=2443],otros gastos | otros provisionales | gastos_provisionales | otros provisionales | versa 31 cuota 3/3 ventilador completo · excel gastos fila 2457 [origen gastos_caja id=2443] | gastos_caja_unidad | efectivo | traslado desde gastos_caja (script mover_gastos_caja_a_vehiculo),operativo_vehiculo,motor
87d83844-56f4-4f95-9a45-90c865e25477,2024-04-06,23,100,OTROS GASTOS,OTROS PROVISIONALES,GASTOS_CAJA_UNIDAD,VERSA 23 2/2 PASTILLA Y TORNO PERNO · Excel GASTOS fila 2464 [origen gastos_caja id=2450],otros gastos | otros provisionales | gastos_provisionales | otros provisionales | versa 23 2/2 pastilla y torno perno · excel gastos fila 2464 [origen gastos_caja id=2450] | gastos_caja_unidad | efectivo | traslado desde gastos_caja (script mover_gastos_caja_a_vehiculo),operativo_vehiculo,motor
66debb94-b0d9-4db1-8081-3862388675f8,2024-03-07,14,420,OTROS GASTOS,OTROS PROVISIONALES,GASTOS_CAJA_UNIDAD,RIO 14 CUOTA 6/7 ARREGLO MOTOR · Excel GASTOS fila 2343 [origen gastos_caja id=2329],otros gastos | otros provisionales | gastos_provisionales | otros provisionales | rio 14 cuota 6/7 arreglo motor · excel gastos fila 2343 [origen gastos_caja id=2329] | gastos_caja_unidad | efectivo | traslado desde gastos_caja (script mover_gastos_caja_a_vehiculo),operativo_vehiculo,motor
20eeda06-caa6-4e05-b044-f18e8b4706c7,2024-03-07,22,250,OTROS GASTOS,OTROS PROVISIONALES,GASTOS_CAJA_UNIDAD,VERSA 22 CUOTA 5/5 CULATA · Excel GASTOS fila 2345 [origen gastos_caja id=2331],otros gastos | otros provisionales | gastos_provisionales | otros provisionales | versa 22 cuota 5/5 culata · excel gastos fila 2345 [origen gastos_caja id=2331] | gastos_caja_unidad | efectivo | traslado desde gastos_caja (script mover_gastos_caja_a_vehiculo),operativo_vehiculo,motor
81e3ac12-0d4c-438c-881d-85dd55361ff2,2024-03-07,16,150,OTROS GASTOS,OTROS PROVISIONALES,GASTOS_CAJA_UNIDAD,VERSA 16 2/2 RODAJES · Excel GASTOS fila 2351 [origen gastos_caja id=2337],otros gastos | otros provisionales | gastos_provisionales | otros provisionales | versa 16 2/2 rodajes · excel gastos fila 2351 [origen gastos_caja id=2337] | gastos_caja_unidad | efectivo | traslado desde gastos_caja (script mover_gastos_caja_a_vehiculo),operativo_vehiculo,motor
a8420469-0719-4a4b-8fff-438c7de1e7f9,2024-03-07,31,150,OTROS GASTOS,OTROS PROVISIONALES,GASTOS_CAJA_UNIDAD,VERSA 31 CUOTA 2/3 VENTILADOR COMPLETO · Excel GASTOS fila 2352 [origen gastos_caja id=2338],otros gastos | otros provisionales | gastos_provisionales | otros provisionales | versa 31 cuota 2/3 ventilador completo · excel gastos fila 2352 [origen gastos_caja id=2338] | gastos_caja_unidad | efectivo | traslado desde gastos_caja (script mover_gastos_caja_a_vehiculo),operativo_vehiculo,motor
cac671e5-ba8b-45ef-b349-6cf36a2d763e,2024-03-07,23,100,OTROS GASTOS,OTROS PROVISIONALES,GASTOS_CAJA_UNIDAD,VERSA 23 1/2 PASTILLA Y TORNO PERNO · Excel GASTOS fila 2359 [origen gastos_caja id=2345],otros gastos | otros provisionales | gastos_provisionales | otros provisionales | versa 23 1/2 pastilla y torno perno · excel gastos fila 2359 [origen gastos_caja id=2345] | gastos_caja_unidad | efectivo | traslado desde gastos_caja (script mover_gastos_caja_a_vehiculo),operativo_vehiculo,motor
bbc15325-ce6e-48b3-b2fe-d37d034f5100,2024-03-07,10,80,OTROS GASTOS,OTROS PROVISIONALES,GASTOS_CAJA_UNIDAD,RIO 10 SIMPLE POR BAJADA MOTOR · Excel GASTOS fila 2369 [origen gastos_caja id=2355],otros gastos | otros provisionales | gastos_provisionales | otros provisionales | rio 10 simple por bajada motor · excel gastos fila 2369 [origen gastos_caja id=2355] | gastos_caja_unidad | efectivo | traslado desde gastos_caja (script mover_gastos_caja_a_vehiculo),operativo_vehiculo,motor
70b3f19a-f71a-4c1e-af0e-38140ec139af,2024-03-07,44,60,OTROS GASTOS,OTROS PROVISIONALES,GASTOS_CAJA_UNIDAD,VERSA 44 PRUEBA DE ESTANQUEDAD · Excel GASTOS fila 2378 [origen gastos_caja id=2364],otros gastos | otros provisionales | gastos_provisionales | otros provisionales | versa 44 prueba de estanquedad · excel gastos fila 2378 [origen gastos_caja id=2364] | gastos_caja_unidad | efectivo | traslado desde gastos_caja (script mover_gastos_caja_a_vehiculo),operativo_vehiculo,motor
ddc6136d-b26a-453d-9a47-c4c42a0fee98,2024-03-07,31,180,OTROS GASTOS,OTROS PROVISIONALES,GASTOS_CAJA_UNIDAD,VERSA 31 RODAJE GUMERCINDO · Excel GASTOS fila 2382 [origen gastos_caja id=2368],otros gastos | otros provisionales | gastos_provisionales | otros provisionales | versa 31 rodaje gumercindo · excel gastos fila 2382 [origen gastos_caja id=2368] | gastos_caja_unidad | efectivo | traslado desde gastos_caja (script mover_gastos_caja_a_vehiculo),operativo_vehiculo,motor
1330ec9f-96ec-4d61-a265-eb644b5430a3,2024-03-07,16,30,OTROS GASTOS,OTROS PROVISIONALES,GASTOS_CAJA_UNIDAD,VERSA 16 ARREGLO CABLE TIERRA JUAN · Excel GASTOS fila 2395 [origen gastos_caja id=2381],otros gastos | otros provisionales | gastos_provisionales | otros provisionales | versa 16 arreglo cable tierra juan · excel gastos fila 2395 [origen gastos_caja id=2381] | gastos_caja_unidad | efectivo | traslado desde gastos_caja (script mover_gastos_caja_a_vehiculo),operativo_vehiculo,motor
c01a74f2-b58b-4553-a618-2015a891aef5,2024-03-07,17,30,OTROS GASTOS,OTROS PROVISIONALES,GASTOS_CAJA_UNIDAD,VERSA 17 ARREGLO CABLEADO INTERMITENTE · Excel GASTOS fila 2396 [origen gastos_caja id=2382],otros gastos | otros provisionales | gastos_provisionales | otros provisionales | versa 17 arreglo cableado intermitente · excel gastos fila 2396 [origen gastos_caja id=2382] | gastos_caja_unidad | efectivo | traslado desde gastos_caja (script mover_gastos_caja_a_vehiculo),operativo_vehiculo,motor
666c113e-2afc-48d6-b926-ae8b82abb32f,2024-03-07,44,120,OTROS GASTOS,OTROS PROVISIONALES,GASTOS_CAJA_UNIDAD,VERSA 44 ARREGLO CONDENSADOR JESUS · Excel GASTOS fila 2399 [origen gastos_caja id=2385],otros gastos | otros provisionales | gastos_provisionales | otros provisionales | versa 44 arreglo condensador jesus · excel gastos fila 2399 [origen gastos_caja id=2385] | gastos_caja_unidad | efectivo | traslado desde gastos_caja (script mover_gastos_caja_a_vehiculo),operativo_vehiculo,motor
71d5826f-61c7-425d-8564-7e2995648562,2024-04-06,14,420,OTROS GASTOS,OTROS PROVISIONALES,GASTOS_CAJA_UNIDAD,RIO 14 CUOTA 7/7 ARREGLO MOTOR · Excel GASTOS fila 2451 [origen gastos_caja id=2437],otros gastos | otros provisionales | gastos_provisionales | otros provisionales | rio 14 cuota 7/7 arreglo motor · excel gastos fila 2451 [origen gastos_caja id=2437] | gastos_caja_unidad | efectivo | traslado desde gastos_caja (script mover_gastos_caja_a_vehiculo),operativo_vehiculo,motor
92faeb42-e1a6-4f35-a4f0-cc9b9016ea2a,2024-04-09,19,90,OTROS GASTOS,OTROS PROVISIONALES,GASTOS_CAJA_UNIDAD,VERSA 19 1/2 RODAJE MEJOR MARCA · Excel GASTOS fila 2479 [origen gastos_caja id=2465],otros gastos | otros provisionales | gastos_provisionales | otros provisionales | versa 19 1/2 rodaje mejor marca · excel gastos fila 2479 [origen gastos_caja id=2465] | gastos_caja_unidad | efectivo | traslado desde gastos_caja (script mover_gastos_caja_a_vehiculo),operativo_vehiculo,motor
db879474-2af9-40af-9d4c-b1da6f42c5d0,2024-04-08,26,50,OTROS GASTOS,OTROS PROVISIONALES,GASTOS_CAJA_UNIDAD,VERSA 26 PERMISO DE LUNAS · Excel GASTOS fila 2514 [origen gastos_caja id=2500],otros gastos | otros provisionales | gastos_provisionales | otros provisionales | versa 26 permiso de lunas · excel gastos fila 2514 [origen gastos_caja id=2500] | gastos_caja_unidad | efectivo | traslado desde gastos_caja (script mover_gastos_caja_a_vehiculo),operativo_vehiculo,motor
4d55862f-061d-450d-bf66-896f31966d05,2024-05-09,19,100,OTROS GASTOS,OTROS PROVISIONALES,GASTOS_CAJA_UNIDAD,VERSA 19 2/2 RODAJE MEJOR MARCA · Excel GASTOS fila 2574 [origen gastos_caja id=2560],otros gastos | otros provisionales | gastos_provisionales | otros provisionales | versa 19 2/2 rodaje mejor marca · excel gastos fila 2574 [origen gastos_caja id=2560] | gastos_caja_unidad | efectivo | traslado desde gastos_caja (script mover_gastos_caja_a_vehiculo),operativo_vehiculo,motor
fa4e97df-babd-4560-b65f-b63ff255015b,2024-05-09,35,100,OTROS GASTOS,OTROS PROVISIONALES,GASTOS_CAJA_UNIDAD,VERSA 35 1/4 VENTILADOR COMPLETO · Excel GASTOS fila 2576 [origen gastos_caja id=2562],otros gastos | otros provisionales | gastos_provisionales | otros provisionales | versa 35 1/4 ventilador completo · excel gastos fila 2576 [origen gastos_caja id=2562] | gastos_caja_unidad | efectivo | traslado desde gastos_caja (script mover_gastos_caja_a_vehiculo),operativo_vehiculo,motor
d32f9b47-f073-4ef6-9dcf-ad49dab9d5f0,2024-05-09,13,100,OTROS GASTOS,OTROS PROVISIONALES,GASTOS_CAJA_UNIDAD,RIO 13 1/6 REPARACION CAJA 4 RODAJES · Excel GASTOS fila 2577 [origen gastos_caja id=2563],otros gastos | otros provisionales | gastos_provisionales | otros provisionales | rio 13 1/6 reparacion caja 4 rodajes · excel gastos fila 2577 [origen gastos_caja id=2563] | gastos_caja_unidad | efectivo | traslado desde gastos_caja (script mover_gastos_caja_a_vehiculo),operativo_vehiculo,motor
35fa80e7-72ca-4f38-b922-3ee7d927127a,2024-05-09,11,100,OTROS GASTOS,OTROS PROVISIONALES,GASTOS_CAJA_UNIDAD,RIO 11  1/4 SOPORTE DE MOTOR EMPAQUE · Excel GASTOS fila 2578 [origen gastos_caja id=2564],otros gastos | otros provisionales | gastos_provisionales | otros provisionales | rio 11 1/4 soporte de motor empaque · excel gastos fila 2578 [origen gastos_caja id=2564] | gastos_caja_unidad | efectivo | traslado desde gastos_caja (script mover_gastos_caja_a_vehiculo),operativo_vehiculo,motor
d8f0bb5a-33b1-4481-bfe8-a93d327fd855,2024-05-09,23,120,OTROS GASTOS,OTROS PROVISIONALES,GASTOS_CAJA_UNIDAD,VERSA 23 1/4 CENSOR cigüeñal · Excel GASTOS fila 2583 [origen gastos_caja id=2569],otros gastos | otros provisionales | gastos_provisionales | otros provisionales | versa 23 1/4 censor ciguenal · excel gastos fila 2583 [origen gastos_caja id=2569] | gastos_caja_unidad | efectivo | traslado desde gastos_caja (script mover_gastos_caja_a_vehiculo),operativo_vehiculo,motor
aeb2823b-c076-415b-acf8-050bb67ccba6,2024-04-20,46,20,OTROS GASTOS,OTROS PROVISIONALES,GASTOS_CAJA_UNIDAD,VERSA 46 SEGUROS ESPEJOS · Excel GASTOS fila 2596 [origen gastos_caja id=2582],otros gastos | otros provisionales | gastos_provisionales | otros provisionales | versa 46 seguros espejos · excel gastos fila 2596 [origen gastos_caja id=2582] | gastos_caja_unidad | efectivo | traslado desde gastos_caja (script mover_gastos_caja_a_vehiculo),operativo_vehiculo,motor
1b344c49-7b8f-4168-9628-2737fe5a0943,2024-04-20,48,20,OTROS GASTOS,OTROS PROVISIONALES,GASTOS_CAJA_UNIDAD,VERSA 48 GAS · Excel GASTOS fila 2598 [origen gastos_caja id=2584],otros gastos | otros provisionales | gastos_provisionales | otros provisionales | versa 48 gas · excel gastos fila 2598 [origen gastos_caja id=2584] | gastos_caja_unidad | efectivo | traslado desde gastos_caja (script mover_gastos_caja_a_vehiculo),operativo_vehiculo,motor
542c1ede-18b0-4d5e-b27f-7d12ae5e346e,2024-06-10,13,260,OTROS GASTOS,OTROS PROVISIONALES,GASTOS_CAJA_UNIDAD,RIO 13 CUOTA 6/8  MOTOR ANILLOS · Excel GASTOS fila 2798 [origen gastos_caja id=2784],otros gastos | otros provisionales | gastos_provisionales | otros provisionales | rio 13 cuota 6/8 motor anillos · excel gastos fila 2798 [origen gastos_caja id=2784] | gastos_caja_unidad | efectivo | traslado desde gastos_caja (script mover_gastos_caja_a_vehiculo),operativo_vehiculo,motor
c4fd74f3-9607-4614-8924-a22b58b51e47,2024-06-10,19,130,OTROS GASTOS,OTROS PROVISIONALES,GASTOS_CAJA_UNIDAD,VERSA 19 CUOTA 4/4 CENSOR DE RETO FRENO · Excel GASTOS fila 2802 [origen gastos_caja id=2788],otros gastos | otros provisionales | gastos_provisionales | otros provisionales | versa 19 cuota 4/4 censor de reto freno · excel gastos fila 2802 [origen gastos_caja id=2788] | gastos_caja_unidad | efectivo | traslado desde gastos_caja (script mover_gastos_caja_a_vehiculo),operativo_vehiculo,frenos
278bcd6e-578c-40ae-916e-28848e702b41,2024-06-10,34,110,OTROS GASTOS,OTROS PROVISIONALES,GASTOS_CAJA_UNIDAD,VERSA 34 CUOTA 3/3  ARRANCADOR MOTOR COMPLETO · Excel GASTOS fila 2808 [origen gastos_caja id=2793],otros gastos | otros provisionales | gastos_provisionales | otros provisionales | versa 34 cuota 3/3 arrancador motor completo · excel gastos fila 2808 [origen gastos_caja id=2793] | gastos_caja_unidad | efectivo | traslado desde gastos_caja (script mover_gastos_caja_a_vehiculo),operativo_vehiculo,motor
09c2c435-4657-4b12-b94b-02ba37e8f591,2024-06-10,23,120,OTROS GASTOS,OTROS PROVISIONALES,GASTOS_CAJA_UNIDAD,VERSA 23 CUOTA  2/4 CENSOR DE cigüeñal · Excel GASTOS fila 2809 [origen gastos_caja id=2794],otros gastos | otros provisionales | gastos_provisionales | otros provisionales | versa 23 cuota 2/4 censor de ciguenal · excel gastos fila 2809 [origen gastos_caja id=2794] | gastos_caja_unidad | efectivo | traslado desde gastos_caja (script mover_gastos_caja_a_vehiculo),operativo_vehiculo,motor
0fd32be1-d340-4c6f-998d-697c56aaa7f4,2024-04-20,37,330,OTROS GASTOS,OTROS PROVISIONALES,GASTOS_CAJA_UNIDAD,"VERSA 37 RESORTES DELANTEROS, SUPLES  Y MOD GUEMRCINDO · Excel GASTOS fila 2624 [origen gastos_caja id=2610]","otros gastos | otros provisionales | gastos_provisionales | otros provisionales | versa 37 resortes delanteros, suples y mod guemrcindo · excel gastos fila 2624 [origen gastos_caja id=2610] | gastos_caja_unidad | efectivo | traslado desde gastos_caja (script mover_gastos_caja_a_vehiculo)",operativo_vehiculo,motor
2278b525-6c16-4920-b0ff-26137b6aa105,2024-04-20,37,20,OTROS GASTOS,OTROS PROVISIONALES,GASTOS_CAJA_UNIDAD,VERSA 37 REGULACION DE FRENOS GUERRERO · Excel GASTOS fila 2625 [origen gastos_caja id=2611],otros gastos | otros provisionales | gastos_provisionales | otros provisionales | versa 37 regulacion de frenos guerrero · excel gastos fila 2625 [origen gastos_caja id=2611] | gastos_caja_unidad | efectivo | traslado desde gastos_caja (script mover_gastos_caja_a_vehiculo),operativo_vehiculo,frenos
0140d90b-d567-443b-9210-17bd07985be8,2024-05-23,52,80,OTROS GASTOS,OTROS PROVISIONALES,GASTOS_CAJA_UNIDAD,VERSA 52 RECTIFICACION DE DISCOS Y REGULACION FRENOS · Excel GASTOS fila 2643 [origen gastos_caja id=2629],otros gastos | otros provisionales | gastos_provisionales | otros provisionales | versa 52 rectificacion de discos y regulacion frenos · excel gastos fila 2643 [origen gastos_caja id=2629] | gastos_caja_unidad | efectivo | traslado desde gastos_caja (script mover_gastos_caja_a_vehiculo),operativo_vehiculo,frenos
8e94115e-ff15-454b-886f-642ef1f9e384,2024-05-23,50,65,OTROS GASTOS,OTROS PROVISIONALES,GASTOS_CAJA_UNIDAD,VERSA 50 ARREGLO CONECTOR DE CARGADOR PARA CELULAR · Excel GASTOS fila 2665 [origen gastos_caja id=2651],otros gastos | otros provisionales | gastos_provisionales | otros provisionales | versa 50 arreglo conector de cargador para celular · excel gastos fila 2665 [origen gastos_caja id=2651] | gastos_caja_unidad | efectivo | traslado desde gastos_caja (script mover_gastos_caja_a_vehiculo),operativo_vehiculo,motor
322a6987-6dc6-4d0c-929f-f90867962564,2024-05-23,50,130,OTROS GASTOS,OTROS PROVISIONALES,GASTOS_CAJA_UNIDAD,VERSA 50 ALARMA RONY · Excel GASTOS fila 2667 [origen gastos_caja id=2653],otros gastos | otros provisionales | gastos_provisionales | otros provisionales | versa 50 alarma rony · excel gastos fila 2667 [origen gastos_caja id=2653] | gastos_caja_unidad | efectivo | traslado desde gastos_caja (script mover_gastos_caja_a_vehiculo),operativo_vehiculo,motor
4727015c-b533-4572-a8b4-6b778626526d,2024-05-23,51,210,OTROS GASTOS,OTROS PROVISIONALES,GASTOS_CAJA_UNIDAD,VERSA 51 RADIO NUEVA HUGO MALVINAS · Excel GASTOS fila 2670 [origen gastos_caja id=2656],otros gastos | otros provisionales | gastos_provisionales | otros provisionales | versa 51 radio nueva hugo malvinas · excel gastos fila 2670 [origen gastos_caja id=2656] | gastos_caja_unidad | efectivo | traslado desde gastos_caja (script mover_gastos_caja_a_vehiculo),operativo_vehiculo,motor
2bbd9c1b-5ab8-4511-a89e-ddba6848bfa0,2024-05-23,51,130,OTROS GASTOS,OTROS PROVISIONALES,GASTOS_CAJA_UNIDAD,VERSA 51 ALARMA RONY · Excel GASTOS fila 2673 [origen gastos_caja id=2659],otros gastos | otros provisionales | gastos_provisionales | otros provisionales | versa 51 alarma rony · excel gastos fila 2673 [origen gastos_caja id=2659] | gastos_caja_unidad | efectivo | traslado desde gastos_caja (script mover_gastos_caja_a_vehiculo),operativo_vehiculo,motor
95756f61-0177-41ce-9de2-09a7573112af,2024-05-23,51,100,OTROS GASTOS,OTROS PROVISIONALES,GASTOS_CAJA_UNIDAD,VERSA 51  DUPLICADO LLAVE · Excel GASTOS fila 2675 [origen gastos_caja id=2661],otros gastos | otros provisionales | gastos_provisionales | otros provisionales | versa 51 duplicado llave · excel gastos fila 2675 [origen gastos_caja id=2661] | gastos_caja_unidad | efectivo | traslado desde gastos_caja (script mover_gastos_caja_a_vehiculo),operativo_vehiculo,motor
b68abfbe-2bc8-45b3-889f-a850b2b52878,2024-06-03,54,20,OTROS GASTOS,OTROS PROVISIONALES,GASTOS_CAJA_UNIDAD,VERSA 54 GAS ENTREGA · Excel GASTOS fila 2732 [origen gastos_caja id=2718],otros gastos | otros provisionales | gastos_provisionales | otros provisionales | versa 54 gas entrega · excel gastos fila 2732 [origen gastos_caja id=2718] | gastos_caja_unidad | efectivo | traslado desde gastos_caja (script mover_gastos_caja_a_vehiculo),operativo_vehiculo,motor
a7102033-62d6-4fa8-8bbc-2fb0a6ade7cf,2024-06-03,54,35,OTROS GASTOS,OTROS PROVISIONALES,GASTOS_CAJA_UNIDAD,VERSA 54 EXTINTOR · Excel GASTOS fila 2738 [origen gastos_caja id=2724],otros gastos | otros provisionales | gastos_provisionales | otros provisionales | versa 54 extintor · excel gastos fila 2738 [origen gastos_caja id=2724] | gastos_caja_unidad | efectivo | traslado desde gastos_caja (script mover_gastos_caja_a_vehiculo),operativo_vehiculo,motor
06986f41-04d8-4f8b-90db-981cb1413d89,2024-07-08,23,20,OTROS GASTOS,OTROS PROVISIONALES,GASTOS_CAJA_UNIDAD,VERSA 23 REGULACION DE FRENOS · Excel GASTOS fila 2950 [origen gastos_caja id=2935],otros gastos | otros provisionales | gastos_provisionales | otros provisionales | versa 23 regulacion de frenos · excel gastos fila 2950 [origen gastos_caja id=2935] | gastos_caja_unidad | efectivo | traslado desde gastos_caja (script mover_gastos_caja_a_vehiculo),operativo_vehiculo,frenos
ce7ab030-e4a6-4af8-81a2-2a99cc151af1,2024-07-08,15,80,OTROS GASTOS,OTROS PROVISIONALES,GASTOS_CAJA_UNIDAD,YARIS 15 ARREGLO ELECTRONICO VELOCIMETRO · Excel GASTOS fila 2951 [origen gastos_caja id=2936],otros gastos | otros provisionales | gastos_provisionales | otros provisionales | yaris 15 arreglo electronico velocimetro · excel gastos fila 2951 [origen gastos_caja id=2936] | gastos_caja_unidad | efectivo | traslado desde gastos_caja (script mover_gastos_caja_a_vehiculo),operativo_vehiculo,motor
5d655408-b1c0-4dac-9a7b-24c2411923a3,2024-07-08,44,100,OTROS GASTOS,OTROS PROVISIONALES,GASTOS_CAJA_UNIDAD,VERSA 44 BOCINAS DE ARTICULACION Y MOD · Excel GASTOS fila 2954 [origen gastos_caja id=2939],otros gastos | otros provisionales | gastos_provisionales | otros provisionales | versa 44 bocinas de articulacion y mod · excel gastos fila 2954 [origen gastos_caja id=2939] | gastos_caja_unidad | efectivo | traslado desde gastos_caja (script mover_gastos_caja_a_vehiculo),operativo_vehiculo,suspension
1861005e-cabc-4116-96b3-adc828ddeecf,2024-06-10,32,100,OTROS GASTOS,OTROS PROVISIONALES,GASTOS_CAJA_UNIDAD,VERSA 32 CUOTA 2/4 VENTILADOR COMPLETO · Excel GASTOS fila 2813 [origen gastos_caja id=2798],otros gastos | otros provisionales | gastos_provisionales | otros provisionales | versa 32 cuota 2/4 ventilador completo · excel gastos fila 2813 [origen gastos_caja id=2798] | gastos_caja_unidad | efectivo | traslado desde gastos_caja (script mover_gastos_caja_a_vehiculo),operativo_vehiculo,motor
32446c42-a257-46f4-9264-b8437f4dfc1f,2024-06-10,13,100,OTROS GASTOS,OTROS PROVISIONALES,GASTOS_CAJA_UNIDAD,RIO 13 CUOTA 2/6 ARREGLO CAJA 4 RODAJES MAS 1 RETEN · Excel GASTOS fila 2814 [origen gastos_caja id=2799],otros gastos | otros provisionales | gastos_provisionales | otros provisionales | rio 13 cuota 2/6 arreglo caja 4 rodajes mas 1 reten · excel gastos fila 2814 [origen gastos_caja id=2799] | gastos_caja_unidad | efectivo | traslado desde gastos_caja (script mover_gastos_caja_a_vehiculo),operativo_vehiculo,motor
a9292d2d-8b7b-4618-9ad8-bca889cb42c3,2024-06-10,11,100,OTROS GASTOS,OTROS PROVISIONALES,GASTOS_CAJA_UNIDAD,RIO 11 CUOTA 2/4 SOPORTE DE MOTOR EMPAQUE · Excel GASTOS fila 2815 [origen gastos_caja id=2800],otros gastos | otros provisionales | gastos_provisionales | otros provisionales | rio 11 cuota 2/4 soporte de motor empaque · excel gastos fila 2815 [origen gastos_caja id=2800] | gastos_caja_unidad | efectivo | traslado desde gastos_caja (script mover_gastos_caja_a_vehiculo),operativo_vehiculo,motor
ebabec0d-40db-4b22-a29c-66dc5ba93344,2024-06-10,19,200,OTROS GASTOS,OTROS PROVISIONALES,GASTOS_CAJA_UNIDAD,VERSA 19 CUOTA 2/5 KIT  MAS SOPORTE CAJA · Excel GASTOS fila 2816 [origen gastos_caja id=2801],otros gastos | otros provisionales | gastos_provisionales | otros provisionales | versa 19 cuota 2/5 kit mas soporte caja · excel gastos fila 2816 [origen gastos_caja id=2801] | gastos_caja_unidad | efectivo | traslado desde gastos_caja (script mover_gastos_caja_a_vehiculo),operativo_vehiculo,motor
aa6e860e-3c45-4d0a-a59d-4ca690b21366,2024-06-10,20,125,OTROS GASTOS,OTROS PROVISIONALES,GASTOS_CAJA_UNIDAD,VERSA 20 CUOTA 2/2 SOPORTE DE MOTOR · Excel GASTOS fila 2817 [origen gastos_caja id=2802],otros gastos | otros provisionales | gastos_provisionales | otros provisionales | versa 20 cuota 2/2 soporte de motor · excel gastos fila 2817 [origen gastos_caja id=2802] | gastos_caja_unidad | efectivo | traslado desde gastos_caja (script mover_gastos_caja_a_vehiculo),operativo_vehiculo,motor
ffcbe4db-fc2b-4401-a058-edab6bf81f16,2024-06-10,16,200,OTROS GASTOS,OTROS PROVISIONALES,GASTOS_CAJA_UNIDAD,VERSA 16 CUOTA 2/8 CULATA Y + · Excel GASTOS fila 2818 [origen gastos_caja id=2803],otros gastos | otros provisionales | gastos_provisionales | otros provisionales | versa 16 cuota 2/8 culata y + · excel gastos fila 2818 [origen gastos_caja id=2803] | gastos_caja_unidad | efectivo | traslado desde gastos_caja (script mover_gastos_caja_a_vehiculo),operativo_vehiculo,motor
f9c2e96e-499e-464e-9802-0a994e8950e5,2024-06-10,16,150,OTROS GASTOS,OTROS PROVISIONALES,GASTOS_CAJA_UNIDAD,VERSA 16 FAJA MOD · Excel GASTOS fila 2830 [origen gastos_caja id=2815],otros gastos | otros provisionales | gastos_provisionales | otros provisionales | versa 16 faja mod · excel gastos fila 2830 [origen gastos_caja id=2815] | gastos_caja_unidad | efectivo | traslado desde gastos_caja (script mover_gastos_caja_a_vehiculo),operativo_vehiculo,motor
4c4f285e-4ad6-4a33-9185-cee73be5b5a8,2024-07-06,56,40,OTROS GASTOS,OTROS PROVISIONALES,GASTOS_CAJA_UNIDAD,VERSA 56 CHAPA ARREGLO · Excel GASTOS fila 2898 [origen gastos_caja id=2883],otros gastos | otros provisionales | gastos_provisionales | otros provisionales | versa 56 chapa arreglo · excel gastos fila 2898 [origen gastos_caja id=2883] | gastos_caja_unidad | efectivo | traslado desde gastos_caja (script mover_gastos_caja_a_vehiculo),operativo_vehiculo,motor
05d2c277-b120-4596-9b0b-0bb64db71f8d,2024-07-06,49,10,OTROS GASTOS,OTROS PROVISIONALES,GASTOS_CAJA_UNIDAD,VERSA 49 EXTINTOR Y PLUMILLAS PARTE · Excel GASTOS fila 2905 [origen gastos_caja id=2890],otros gastos | otros provisionales | gastos_provisionales | otros provisionales | versa 49 extintor y plumillas parte · excel gastos fila 2905 [origen gastos_caja id=2890] | gastos_caja_unidad | efectivo | traslado desde gastos_caja (script mover_gastos_caja_a_vehiculo),operativo_vehiculo,motor
8f433575-a34a-4b70-8642-8996ae22764f,2024-07-06,55,45,OTROS GASTOS,OTROS PROVISIONALES,GASTOS_CAJA_UNIDAD,VERSA 55 CERTIFICADO GAS · Excel GASTOS fila 2907 [origen gastos_caja id=2892],otros gastos | otros provisionales | gastos_provisionales | otros provisionales | versa 55 certificado gas · excel gastos fila 2907 [origen gastos_caja id=2892] | gastos_caja_unidad | efectivo | traslado desde gastos_caja (script mover_gastos_caja_a_vehiculo),operativo_vehiculo,motor
975f925a-75d9-4125-87a6-709a6dba47ea,2024-07-08,13,260,OTROS GASTOS,OTROS PROVISIONALES,GASTOS_CAJA_UNIDAD,RIO 13 CUOTA 7/8  MOTOR ANILLOS · Excel GASTOS fila 2919 [origen gastos_caja id=2904],otros gastos | otros provisionales | gastos_provisionales | otros provisionales | rio 13 cuota 7/8 motor anillos · excel gastos fila 2919 [origen gastos_caja id=2904] | gastos_caja_unidad | efectivo | traslado desde gastos_caja (script mover_gastos_caja_a_vehiculo),operativo_vehiculo,motor
69ce255d-106c-412d-a915-e68dcc67db03,2024-07-08,23,120,OTROS GASTOS,OTROS PROVISIONALES,GASTOS_CAJA_UNIDAD,VERSA 23 CUOTA  3/4 CENSOR DE cigüeñal · Excel GASTOS fila 2922 [origen gastos_caja id=2907],otros gastos | otros provisionales | gastos_provisionales | otros provisionales | versa 23 cuota 3/4 censor de ciguenal · excel gastos fila 2922 [origen gastos_caja id=2907] | gastos_caja_unidad | efectivo | traslado desde gastos_caja (script mover_gastos_caja_a_vehiculo),operativo_vehiculo,motor
147d1014-fe44-44cf-bf6f-244b14a1a765,2024-07-08,35,100,OTROS GASTOS,OTROS PROVISIONALES,GASTOS_CAJA_UNIDAD,VERSA 35 CUOTA 3/4 VENTILADOR COMPLETO · Excel GASTOS fila 2926 [origen gastos_caja id=2911],otros gastos | otros provisionales | gastos_provisionales | otros provisionales | versa 35 cuota 3/4 ventilador completo · excel gastos fila 2926 [origen gastos_caja id=2911] | gastos_caja_unidad | efectivo | traslado desde gastos_caja (script mover_gastos_caja_a_vehiculo),operativo_vehiculo,motor
16d2c296-8142-45d8-a7c1-b998d70c4434,2024-07-08,13,100,OTROS GASTOS,OTROS PROVISIONALES,GASTOS_CAJA_UNIDAD,RIO 13 CUOTA 3/6 ARREGLO CAJA 4 RODAJES MAS 1 RETEN · Excel GASTOS fila 2927 [origen gastos_caja id=2912],otros gastos | otros provisionales | gastos_provisionales | otros provisionales | rio 13 cuota 3/6 arreglo caja 4 rodajes mas 1 reten · excel gastos fila 2927 [origen gastos_caja id=2912] | gastos_caja_unidad | efectivo | traslado desde gastos_caja (script mover_gastos_caja_a_vehiculo),operativo_vehiculo,motor
99ca4622-8aef-4e10-a4af-02bf78ca20db,2024-07-08,11,100,OTROS GASTOS,OTROS PROVISIONALES,GASTOS_CAJA_UNIDAD,RIO 11 CUOTA 3/4 SOPORTE DE MOTOR EMPAQUE · Excel GASTOS fila 2928 [origen gastos_caja id=2913],otros gastos | otros provisionales | gastos_provisionales | otros provisionales | rio 11 cuota 3/4 soporte de motor empaque · excel gastos fila 2928 [origen gastos_caja id=2913] | gastos_caja_unidad | efectivo | traslado desde gastos_caja (script mover_gastos_caja_a_vehiculo),operativo_vehiculo,motor
6b14dfa5-bc9f-4143-939e-b9bd0764e41b,2024-07-08,19,200,OTROS GASTOS,OTROS PROVISIONALES,GASTOS_CAJA_UNIDAD,VERSA 19 CUOTA 3/5 KIT  MAS SOPORTE CAJA · Excel GASTOS fila 2929 [origen gastos_caja id=2914],otros gastos | otros provisionales | gastos_provisionales | otros provisionales | versa 19 cuota 3/5 kit mas soporte caja · excel gastos fila 2929 [origen gastos_caja id=2914] | gastos_caja_unidad | efectivo | traslado desde gastos_caja (script mover_gastos_caja_a_vehiculo),operativo_vehiculo,motor
9b453934-bc52-4ad9-9a51-88f897a097fa,2024-07-08,16,200,OTROS GASTOS,OTROS PROVISIONALES,GASTOS_CAJA_UNIDAD,VERSA 16 CUOTA 3/8 CULATA Y + · Excel GASTOS fila 2930 [origen gastos_caja id=2915],otros gastos | otros provisionales | gastos_provisionales | otros provisionales | versa 16 cuota 3/8 culata y + · excel gastos fila 2930 [origen gastos_caja id=2915] | gastos_caja_unidad | efectivo | traslado desde gastos_caja (script mover_gastos_caja_a_vehiculo),operativo_vehiculo,motor
2c7a3f70-4a81-443d-822f-a0c19119ed22,2024-07-24,39,180,OTROS GASTOS,OTROS PROVISIONALES,GASTOS_CAJA_UNIDAD,VERSA 39 CAMBIO DE RODAJE POSTERIOR · Excel GASTOS fila 2958 [origen gastos_caja id=2943],otros gastos | otros provisionales | gastos_provisionales | otros provisionales | versa 39 cambio de rodaje posterior · excel gastos fila 2958 [origen gastos_caja id=2943] | gastos_caja_unidad | efectivo | traslado desde gastos_caja (script mover_gastos_caja_a_vehiculo),operativo_vehiculo,motor
92ea28f1-8776-4dc5-bf76-6e9baff2a68f,2024-07-24,33,270,OTROS GASTOS,OTROS PROVISIONALES,GASTOS_CAJA_UNIDAD,VERSA 33 CAMBIO DE RESORTE DOS · Excel GASTOS fila 2960 [origen gastos_caja id=2945],otros gastos | otros provisionales | gastos_provisionales | otros provisionales | versa 33 cambio de resorte dos · excel gastos fila 2960 [origen gastos_caja id=2945] | gastos_caja_unidad | efectivo | traslado desde gastos_caja (script mover_gastos_caja_a_vehiculo),operativo_vehiculo,motor
fdf50e52-a46a-4952-92fe-be025c187f44,2024-07-24,14,280,OTROS GASTOS,OTROS PROVISIONALES,GASTOS_CAJA_UNIDAD,RIO 14 CAMBIO DE AMORTIGUARDOR TRASERO2 Y MOD · Excel GASTOS fila 2964 [origen gastos_caja id=2949],otros gastos | otros provisionales | gastos_provisionales | otros provisionales | rio 14 cambio de amortiguardor trasero2 y mod · excel gastos fila 2964 [origen gastos_caja id=2949] | gastos_caja_unidad | efectivo | traslado desde gastos_caja (script mover_gastos_caja_a_vehiculo),operativo_vehiculo,motor
a5d931b4-df3b-4f66-a8d1-ec1ef11d35ca,2024-07-24,43,390,OTROS GASTOS,OTROS PROVISIONALES,GASTOS_CAJA_UNIDAD,VERSA 43 2 ROTULAS MAS 2 BOCINAS MAS RELLENO DE ARAñA Y MOD · Excel GASTOS fila 2966 [origen gastos_caja id=2951],otros gastos | otros provisionales | gastos_provisionales | otros provisionales | versa 43 2 rotulas mas 2 bocinas mas relleno de arana y mod · excel gastos fila 2966 [origen gastos_caja id=2951] | gastos_caja_unidad | efectivo | traslado desde gastos_caja (script mover_gastos_caja_a_vehiculo),operativo_vehiculo,motor
a60e1dcc-78b0-40e7-95d9-0ae716e8d678,2024-07-24,29,40,OTROS GASTOS,OTROS PROVISIONALES,GASTOS_CAJA_UNIDAD,VERSA 29 CERTIFICADO GAS ANUAL · Excel GASTOS fila 2967 [origen gastos_caja id=2952],otros gastos | otros provisionales | gastos_provisionales | otros provisionales | versa 29 certificado gas anual · excel gastos fila 2967 [origen gastos_caja id=2952] | gastos_caja_unidad | efectivo | traslado desde gastos_caja (script mover_gastos_caja_a_vehiculo),operativo_vehiculo,motor
13cb1f56-9f99-4b24-b3dc-d89dc274d408,2024-08-07,13,80,OTROS GASTOS,OTROS PROVISIONALES,GASTOS_CAJA_UNIDAD,RIO 13 8/8 MOTOR ANILLOS · Excel GASTOS fila 3016 [origen gastos_caja id=3001],otros gastos | otros provisionales | gastos_provisionales | otros provisionales | rio 13 8/8 motor anillos · excel gastos fila 3016 [origen gastos_caja id=3001] | gastos_caja_unidad | efectivo | traslado desde gastos_caja (script mover_gastos_caja_a_vehiculo),operativo_vehiculo,motor
f592e2a3-ff3d-48ce-8e0f-c346dd4578a9,2024-08-07,23,100,OTROS GASTOS,OTROS PROVISIONALES,GASTOS_CAJA_UNIDAD,VERSA 23 4/4 CENSOR CIGUEñAL · Excel GASTOS fila 3019 [origen gastos_caja id=3004],otros gastos | otros provisionales | gastos_provisionales | otros provisionales | versa 23 4/4 censor ciguenal · excel gastos fila 3019 [origen gastos_caja id=3004] | gastos_caja_unidad | efectivo | traslado desde gastos_caja (script mover_gastos_caja_a_vehiculo),operativo_vehiculo,motor
24640f0e-32b5-416e-bcce-7b9edde9166b,2024-08-07,13,100,OTROS GASTOS,OTROS PROVISIONALES,GASTOS_CAJA_UNIDAD,RIO 13 4/6 ARREGLO CAJA · Excel GASTOS fila 3022 [origen gastos_caja id=3007],otros gastos | otros provisionales | gastos_provisionales | otros provisionales | rio 13 4/6 arreglo caja · excel gastos fila 3022 [origen gastos_caja id=3007] | gastos_caja_unidad | efectivo | traslado desde gastos_caja (script mover_gastos_caja_a_vehiculo),operativo_vehiculo,motor
53e515eb-1641-485d-8a59-559fd6ff98a8,2024-08-07,35,120,OTROS GASTOS,OTROS PROVISIONALES,GASTOS_CAJA_UNIDAD,VERSA 35 4/4 VENTILADOR COMPLETO · Excel GASTOS fila 3023 [origen gastos_caja id=3008],otros gastos | otros provisionales | gastos_provisionales | otros provisionales | versa 35 4/4 ventilador completo · excel gastos fila 3023 [origen gastos_caja id=3008] | gastos_caja_unidad | efectivo | traslado desde gastos_caja (script mover_gastos_caja_a_vehiculo),operativo_vehiculo,motor
286773bf-9040-4ed7-9d72-3e0e9d9d1abd,2024-08-07,11,130,OTROS GASTOS,OTROS PROVISIONALES,GASTOS_CAJA_UNIDAD,RIO 11 4/4 SOPORTE DE MOTOR · Excel GASTOS fila 3025 [origen gastos_caja id=3010],otros gastos | otros provisionales | gastos_provisionales | otros provisionales | rio 11 4/4 soporte de motor · excel gastos fila 3025 [origen gastos_caja id=3010] | gastos_caja_unidad | efectivo | traslado desde gastos_caja (script mover_gastos_caja_a_vehiculo),operativo_vehiculo,motor
e4daa931-5bba-41fb-a8f1-668bdd7ad191,2024-08-07,16,200,OTROS GASTOS,OTROS PROVISIONALES,GASTOS_CAJA_UNIDAD,VERSA 16 4/8 CULATA · Excel GASTOS fila 3026 [origen gastos_caja id=3011],otros gastos | otros provisionales | gastos_provisionales | otros provisionales | versa 16 4/8 culata · excel gastos fila 3026 [origen gastos_caja id=3011] | gastos_caja_unidad | efectivo | traslado desde gastos_caja (script mover_gastos_caja_a_vehiculo),operativo_vehiculo,motor
8dc53417-d72f-455e-94f8-fbfaa4ddfecf,2024-08-07,32,150,OTROS GASTOS,OTROS PROVISIONALES,GASTOS_CAJA_UNIDAD,VERSA 32 3/4 REC. DISCOS Y ELECTRONICO · Excel GASTOS fila 3028 [origen gastos_caja id=3013],otros gastos | otros provisionales | gastos_provisionales | otros provisionales | versa 32 3/4 rec. discos y electronico · excel gastos fila 3028 [origen gastos_caja id=3013] | gastos_caja_unidad | efectivo | traslado desde gastos_caja (script mover_gastos_caja_a_vehiculo),operativo_vehiculo,frenos
fae7448e-5d23-4ea0-bc40-f94eef8773b1,2024-08-07,13,150,OTROS GASTOS,OTROS PROVISIONALES,GASTOS_CAJA_UNIDAD,RIO 13 1/3 RODAJE DE CORONA · Excel GASTOS fila 3040 [origen gastos_caja id=3025],otros gastos | otros provisionales | gastos_provisionales | otros provisionales | rio 13 1/3 rodaje de corona · excel gastos fila 3040 [origen gastos_caja id=3025] | gastos_caja_unidad | efectivo | traslado desde gastos_caja (script mover_gastos_caja_a_vehiculo),operativo_vehiculo,motor
be14dfe7-c2e3-4ba3-a67b-7578e25d69b7,2024-08-07,14,70,OTROS GASTOS,OTROS PROVISIONALES,GASTOS_CAJA_UNIDAD,RIO 14 CERTIFICADO DE GAS · Excel GASTOS fila 3055 [origen gastos_caja id=3040],otros gastos | otros provisionales | gastos_provisionales | otros provisionales | rio 14 certificado de gas · excel gastos fila 3055 [origen gastos_caja id=3040] | gastos_caja_unidad | efectivo | traslado desde gastos_caja (script mover_gastos_caja_a_vehiculo),operativo_vehiculo,motor
2c1014b1-02a8-43bb-b5b7-14bd45c8b1ce,2024-08-07,22,100,OTROS GASTOS,OTROS PROVISIONALES,GASTOS_CAJA_UNIDAD,VERSA 22 MICA FARO PAUL · Excel GASTOS fila 3057 [origen gastos_caja id=3042],otros gastos | otros provisionales | gastos_provisionales | otros provisionales | versa 22 mica faro paul · excel gastos fila 3057 [origen gastos_caja id=3042] | gastos_caja_unidad | efectivo | traslado desde gastos_caja (script mover_gastos_caja_a_vehiculo),operativo_vehiculo,accesorios
91f81641-032c-4473-80ec-168f31846483,2024-08-07,57,20,OTROS GASTOS,OTROS PROVISIONALES,GASTOS_CAJA_UNIDAD,VERSA 57 PLUMILLAS · Excel GASTOS fila 3059 [origen gastos_caja id=3044],otros gastos | otros provisionales | gastos_provisionales | otros provisionales | versa 57 plumillas · excel gastos fila 3059 [origen gastos_caja id=3044] | gastos_caja_unidad | efectivo | traslado desde gastos_caja (script mover_gastos_caja_a_vehiculo),operativo_vehiculo,motor
0b045ddb-7589-4c1f-b4f3-f7c2ccb23a42,2024-08-07,14,50,OTROS GASTOS,OTROS PROVISIONALES,GASTOS_CAJA_UNIDAD,RIO 14 CINTURON  NUEVO · Excel GASTOS fila 3074 [origen gastos_caja id=3059],otros gastos | otros provisionales | gastos_provisionales | otros provisionales | rio 14 cinturon nuevo · excel gastos fila 3074 [origen gastos_caja id=3059] | gastos_caja_unidad | efectivo | traslado desde gastos_caja (script mover_gastos_caja_a_vehiculo),operativo_vehiculo,motor
9f1caebc-df9d-4257-8dfc-de0d0750d3e9,2024-08-07,14,35,OTROS GASTOS,OTROS PROVISIONALES,GASTOS_CAJA_UNIDAD,RIO 14 EXTINTOR · Excel GASTOS fila 3076 [origen gastos_caja id=3061],otros gastos | otros provisionales | gastos_provisionales | otros provisionales | rio 14 extintor · excel gastos fila 3076 [origen gastos_caja id=3061] | gastos_caja_unidad | efectivo | traslado desde gastos_caja (script mover_gastos_caja_a_vehiculo),operativo_vehiculo,motor
972edf35-e11f-4fe3-9a43-7566d593545b,2024-08-07,19,30,OTROS GASTOS,OTROS PROVISIONALES,GASTOS_CAJA_UNIDAD,VERSA 19 ARREGLO PARA CHOQUE · Excel GASTOS fila 3078 [origen gastos_caja id=3063],otros gastos | otros provisionales | gastos_provisionales | otros provisionales | versa 19 arreglo para choque · excel gastos fila 3078 [origen gastos_caja id=3063] | gastos_caja_unidad | efectivo | traslado desde gastos_caja (script mover_gastos_caja_a_vehiculo),operativo_vehiculo,motor
fcd89e27-79f9-4ba0-9c53-52ddc00cd4ca,2024-09-06,13,100,OTROS GASTOS,OTROS PROVISIONALES,GASTOS_CAJA_UNIDAD,RIO 13 5/6  ARREGLO CAJA · Excel GASTOS fila 3166 [origen gastos_caja id=3151],otros gastos | otros provisionales | gastos_provisionales | otros provisionales | rio 13 5/6 arreglo caja · excel gastos fila 3166 [origen gastos_caja id=3151] | gastos_caja_unidad | efectivo | traslado desde gastos_caja (script mover_gastos_caja_a_vehiculo),operativo_vehiculo,motor
14674969-ab6b-4a32-8ea5-4a7541fd58ff,2024-09-06,16,200,OTROS GASTOS,OTROS PROVISIONALES,GASTOS_CAJA_UNIDAD,VERSA 16  5/8  CULATA · Excel GASTOS fila 3168 [origen gastos_caja id=3153],otros gastos | otros provisionales | gastos_provisionales | otros provisionales | versa 16 5/8 culata · excel gastos fila 3168 [origen gastos_caja id=3153] | gastos_caja_unidad | efectivo | traslado desde gastos_caja (script mover_gastos_caja_a_vehiculo),operativo_vehiculo,motor
39f72b85-ee2f-4c3d-bb54-97a877539d8f,2024-09-06,32,160,OTROS GASTOS,OTROS PROVISIONALES,GASTOS_CAJA_UNIDAD,VERSA 32 4/4 DISCOS · Excel GASTOS fila 3171 [origen gastos_caja id=3156],otros gastos | otros provisionales | gastos_provisionales | otros provisionales | versa 32 4/4 discos · excel gastos fila 3171 [origen gastos_caja id=3156] | gastos_caja_unidad | efectivo | traslado desde gastos_caja (script mover_gastos_caja_a_vehiculo),operativo_vehiculo,frenos
c97006dc-3d01-47b2-a107-203d44375fda,2024-09-06,26,130,OTROS GASTOS,OTROS PROVISIONALES,GASTOS_CAJA_UNIDAD,VERSA 26  3/4  2 AMORTIGUADRES · Excel GASTOS fila 3179 [origen gastos_caja id=3164],otros gastos | otros provisionales | gastos_provisionales | otros provisionales | versa 26 3/4 2 amortiguadres · excel gastos fila 3179 [origen gastos_caja id=3164] | gastos_caja_unidad | efectivo | traslado desde gastos_caja (script mover_gastos_caja_a_vehiculo),operativo_vehiculo,motor
23b08385-b8e4-4d52-b517-af048dc21eca,2024-09-06,1,140,OTROS GASTOS,OTROS PROVISIONALES,GASTOS_CAJA_UNIDAD,YARIS 1 2/2 SOPORTE DE MOTOR · Excel GASTOS fila 3182 [origen gastos_caja id=3167],otros gastos | otros provisionales | gastos_provisionales | otros provisionales | yaris 1 2/2 soporte de motor · excel gastos fila 3182 [origen gastos_caja id=3167] | gastos_caja_unidad | efectivo | traslado desde gastos_caja (script mover_gastos_caja_a_vehiculo),operativo_vehiculo,motor
55cba8f7-dd95-4651-a79b-bd270f22af3e,2024-09-06,13,150,OTROS GASTOS,OTROS PROVISIONALES,GASTOS_CAJA_UNIDAD,RIO 13  2/3  RODAJES · Excel GASTOS fila 3183 [origen gastos_caja id=3168],otros gastos | otros provisionales | gastos_provisionales | otros provisionales | rio 13 2/3 rodajes · excel gastos fila 3183 [origen gastos_caja id=3168] | gastos_caja_unidad | efectivo | traslado desde gastos_caja (script mover_gastos_caja_a_vehiculo),operativo_vehiculo,motor
d22a7ed7-071d-425f-a468-c64686cfcd7e,2024-10-07,13,140,OTROS GASTOS,OTROS PROVISIONALES,GASTOS_CAJA_UNIDAD,RIO 13 6/6  ARREGLO CAJA · Excel GASTOS fila 3245 [origen gastos_caja id=3230],otros gastos | otros provisionales | gastos_provisionales | otros provisionales | rio 13 6/6 arreglo caja · excel gastos fila 3245 [origen gastos_caja id=3230] | gastos_caja_unidad | efectivo | traslado desde gastos_caja (script mover_gastos_caja_a_vehiculo),operativo_vehiculo,motor
fb9fcaa0-65ed-4c27-ac0e-34c9ab1959e2,2024-10-07,16,200,OTROS GASTOS,OTROS PROVISIONALES,GASTOS_CAJA_UNIDAD,VERSA 16  6/8  CULATA · Excel GASTOS fila 3247 [origen gastos_caja id=3232],otros gastos | otros provisionales | gastos_provisionales | otros provisionales | versa 16 6/8 culata · excel gastos fila 3247 [origen gastos_caja id=3232] | gastos_caja_unidad | efectivo | traslado desde gastos_caja (script mover_gastos_caja_a_vehiculo),operativo_vehiculo,motor
a1874b8a-b260-4d69-9f81-30fb628bdd02,2024-10-07,26,130,OTROS GASTOS,OTROS PROVISIONALES,GASTOS_CAJA_UNIDAD,VERSA 26  4/4  2 AMORTIGUADRES · Excel GASTOS fila 3253 [origen gastos_caja id=3238],otros gastos | otros provisionales | gastos_provisionales | otros provisionales | versa 26 4/4 2 amortiguadres · excel gastos fila 3253 [origen gastos_caja id=3238] | gastos_caja_unidad | efectivo | traslado desde gastos_caja (script mover_gastos_caja_a_vehiculo),operativo_vehiculo,motor
5a6e2d81-7f79-4ada-89d1-4ae9b3900296,2024-10-07,13,120,OTROS GASTOS,OTROS PROVISIONALES,GASTOS_CAJA_UNIDAD,RIO 13  3/3  RODAJES · Excel GASTOS fila 3256 [origen gastos_caja id=3241],otros gastos | otros provisionales | gastos_provisionales | otros provisionales | rio 13 3/3 rodajes · excel gastos fila 3256 [origen gastos_caja id=3241] | gastos_caja_unidad | efectivo | traslado desde gastos_caja (script mover_gastos_caja_a_vehiculo),operativo_vehiculo,motor
e9485322-2731-4988-8bbe-15dc06cd691f,2024-10-07,37,110,OTROS GASTOS,OTROS PROVISIONALES,GASTOS_CAJA_UNIDAD,VERSA 37 1 SOPORTE DE CAJA · Excel GASTOS fila 3266 [origen gastos_caja id=3251],otros gastos | otros provisionales | gastos_provisionales | otros provisionales | versa 37 1 soporte de caja · excel gastos fila 3266 [origen gastos_caja id=3251] | gastos_caja_unidad | efectivo | traslado desde gastos_caja (script mover_gastos_caja_a_vehiculo),operativo_vehiculo,motor
9e415daa-9deb-4bf6-8b5d-55e629e037e5,2024-10-09,19,110,OTROS GASTOS,OTROS PROVISIONALES,GASTOS_CAJA_UNIDAD,VERSA 19 1 FAJA  DE MOTOR  Y MOD · Excel GASTOS fila 3271 [origen gastos_caja id=3256],otros gastos | otros provisionales | gastos_provisionales | otros provisionales | versa 19 1 faja de motor y mod · excel gastos fila 3271 [origen gastos_caja id=3256] | gastos_caja_unidad | efectivo | traslado desde gastos_caja (script mover_gastos_caja_a_vehiculo),operativo_vehiculo,motor
ef957b2a-249e-41df-8452-2cffbfd6d729,2024-10-07,26,25,OTROS GASTOS,OTROS PROVISIONALES,GASTOS_CAJA_UNIDAD,VERSA 26 PLUMILLAS · Excel GASTOS fila 3278 [origen gastos_caja id=3263],otros gastos | otros provisionales | gastos_provisionales | otros provisionales | versa 26 plumillas · excel gastos fila 3278 [origen gastos_caja id=3263] | gastos_caja_unidad | efectivo | traslado desde gastos_caja (script mover_gastos_caja_a_vehiculo),operativo_vehiculo,motor
d0b42baa-3f9e-4f15-bf73-b9d87b8d84fa,2024-11-06,16,200,OTROS GASTOS,OTROS PROVISIONALES,GASTOS_CAJA_UNIDAD,VERSA 16  7/8  CULATA · Excel GASTOS fila 3345 [origen gastos_caja id=3330],otros gastos | otros provisionales | gastos_provisionales | otros provisionales | versa 16 7/8 culata · excel gastos fila 3345 [origen gastos_caja id=3330] | gastos_caja_unidad | efectivo | traslado desde gastos_caja (script mover_gastos_caja_a_vehiculo),operativo_vehiculo,motor
da1c8808-2a41-4a61-8aef-3e786665e542,2024-11-06,37,110,OTROS GASTOS,OTROS PROVISIONALES,GASTOS_CAJA_UNIDAD,VERSA 37 2/2 1 SOPORTE DE CAJA · Excel GASTOS fila 3354 [origen gastos_caja id=3339],otros gastos | otros provisionales | gastos_provisionales | otros provisionales | versa 37 2/2 1 soporte de caja · excel gastos fila 3354 [origen gastos_caja id=3339] | gastos_caja_unidad | efectivo | traslado desde gastos_caja (script mover_gastos_caja_a_vehiculo),operativo_vehiculo,motor
5ee24db4-5251-430e-95fd-881d11683e85,2024-11-08,21,20,OTROS GASTOS,OTROS PROVISIONALES,GASTOS_CAJA_UNIDAD,VERSA 21 REGULACION FRENOS · Excel GASTOS fila 3383 [origen gastos_caja id=3368],otros gastos | otros provisionales | gastos_provisionales | otros provisionales | versa 21 regulacion frenos · excel gastos fila 3383 [origen gastos_caja id=3368] | gastos_caja_unidad | efectivo | traslado desde gastos_caja (script mover_gastos_caja_a_vehiculo),operativo_vehiculo,frenos
2880290e-94ad-401f-8eff-635853e412d6,2024-11-08,43,180,OTROS GASTOS,OTROS PROVISIONALES,GASTOS_CAJA_UNIDAD,VERSA 43 RODAJE POSTERIOR · Excel GASTOS fila 3384 [origen gastos_caja id=3369],otros gastos | otros provisionales | gastos_provisionales | otros provisionales | versa 43 rodaje posterior · excel gastos fila 3384 [origen gastos_caja id=3369] | gastos_caja_unidad | efectivo | traslado desde gastos_caja (script mover_gastos_caja_a_vehiculo),operativo_vehiculo,motor
581b9b04-7927-4823-886c-c5390659b952,2024-11-08,46,180,OTROS GASTOS,OTROS PROVISIONALES,GASTOS_CAJA_UNIDAD,VERSA 46 COMBIO RODAJE POSTERIOR · Excel GASTOS fila 3386 [origen gastos_caja id=3371],otros gastos | otros provisionales | gastos_provisionales | otros provisionales | versa 46 combio rodaje posterior · excel gastos fila 3386 [origen gastos_caja id=3371] | gastos_caja_unidad | efectivo | traslado desde gastos_caja (script mover_gastos_caja_a_vehiculo),operativo_vehiculo,motor
479a73ca-6ea3-46e9-869e-01a177dc07bd,2024-11-08,16,10,OTROS GASTOS,OTROS PROVISIONALES,GASTOS_CAJA_UNIDAD,VERSA 16 FOCO · Excel GASTOS fila 3407 [origen gastos_caja id=3392],otros gastos | otros provisionales | gastos_provisionales | otros provisionales | versa 16 foco · excel gastos fila 3407 [origen gastos_caja id=3392] | gastos_caja_unidad | efectivo | traslado desde gastos_caja (script mover_gastos_caja_a_vehiculo),operativo_vehiculo,motor
e30d5835-da99-422e-bd9d-811d0d0142ab,2024-11-19,52,180,OTROS GASTOS,OTROS PROVISIONALES,GASTOS_CAJA_UNIDAD,VERSA 52 CAMBIO DE RODAJE  POSTERIOR IZQUIERDO · Excel GASTOS fila 3415 [origen gastos_caja id=3400],otros gastos | otros provisionales | gastos_provisionales | otros provisionales | versa 52 cambio de rodaje posterior izquierdo · excel gastos fila 3415 [origen gastos_caja id=3400] | gastos_caja_unidad | efectivo | traslado desde gastos_caja (script mover_gastos_caja_a_vehiculo),operativo_vehiculo,motor
e1386644-8164-41d1-b0b1-81b01b1472a6,2024-11-19,38,20,OTROS GASTOS,OTROS PROVISIONALES,GASTOS_CAJA_UNIDAD,VERSA 38 ARREGLO TUBO ESCAPE · Excel GASTOS fila 3416 [origen gastos_caja id=3401],otros gastos | otros provisionales | gastos_provisionales | otros provisionales | versa 38 arreglo tubo escape · excel gastos fila 3416 [origen gastos_caja id=3401] | gastos_caja_unidad | efectivo | traslado desde gastos_caja (script mover_gastos_caja_a_vehiculo),operativo_vehiculo,motor
49b0601a-f3de-48e1-aa65-27ae3f1eb953,2024-11-26,61,100,OTROS GASTOS,OTROS PROVISIONALES,GASTOS_CAJA_UNIDAD,VERSA 61 LLAVE DUPLICADO · Excel GASTOS fila 3438 [origen gastos_caja id=3423],otros gastos | otros provisionales | gastos_provisionales | otros provisionales | versa 61 llave duplicado · excel gastos fila 3438 [origen gastos_caja id=3423] | gastos_caja_unidad | efectivo | traslado desde gastos_caja (script mover_gastos_caja_a_vehiculo),operativo_vehiculo,motor
96875888-26e6-4be7-b785-109b25e8d68a,2024-11-06,16,200,OTROS GASTOS,OTROS PROVISIONALES,GASTOS_CAJA_UNIDAD,VERSA 16  8/8  CULATA · Excel GASTOS fila 3489 [origen gastos_caja id=3474],otros gastos | otros provisionales | gastos_provisionales | otros provisionales | versa 16 8/8 culata · excel gastos fila 3489 [origen gastos_caja id=3474] | gastos_caja_unidad | efectivo | traslado desde gastos_caja (script mover_gastos_caja_a_vehiculo),operativo_vehiculo,motor
b41c2fe6-8612-420e-a403-9e3ec048039b,2024-12-03,13,200,OTROS GASTOS,OTROS PROVISIONALES,GASTOS_CAJA_UNIDAD,RIO 13 1/4 CAJA ARREGLO RODAJE Y PINOES · Excel GASTOS fila 3512 [origen gastos_caja id=3497],otros gastos | otros provisionales | gastos_provisionales | otros provisionales | rio 13 1/4 caja arreglo rodaje y pinoes · excel gastos fila 3512 [origen gastos_caja id=3497] | gastos_caja_unidad | efectivo | traslado desde gastos_caja (script mover_gastos_caja_a_vehiculo),operativo_vehiculo,motor
e2492b4e-44bf-4621-bf8a-981eacf0b6bd,2024-12-03,12,155,OTROS GASTOS,OTROS PROVISIONALES,GASTOS_CAJA_UNIDAD,RIO 12 1 FAJA RETEN DE CIGUENAL · Excel GASTOS fila 3521 [origen gastos_caja id=3506],otros gastos | otros provisionales | gastos_provisionales | otros provisionales | rio 12 1 faja reten de ciguenal · excel gastos fila 3521 [origen gastos_caja id=3506] | gastos_caja_unidad | efectivo | traslado desde gastos_caja (script mover_gastos_caja_a_vehiculo),operativo_vehiculo,motor
b8e54159-fe7d-4e14-b47c-744abe0aae53,2024-12-10,58,180,OTROS GASTOS,OTROS PROVISIONALES,GASTOS_CAJA_UNIDAD,VERSA 58 CAMBIO RODAJE · Excel GASTOS fila 3560 [origen gastos_caja id=3545],otros gastos | otros provisionales | gastos_provisionales | otros provisionales | versa 58 cambio rodaje · excel gastos fila 3560 [origen gastos_caja id=3545] | gastos_caja_unidad | efectivo | traslado desde gastos_caja (script mover_gastos_caja_a_vehiculo),operativo_vehiculo,motor
27b88833-750b-42ed-8dd7-1d98e596af5d,2024-12-10,32,50,OTROS GASTOS,OTROS PROVISIONALES,GASTOS_CAJA_UNIDAD,VERSA 32 JEBES DE ESCAPE · Excel GASTOS fila 3561 [origen gastos_caja id=3546],otros gastos | otros provisionales | gastos_provisionales | otros provisionales | versa 32 jebes de escape · excel gastos fila 3561 [origen gastos_caja id=3546] | gastos_caja_unidad | efectivo | traslado desde gastos_caja (script mover_gastos_caja_a_vehiculo),operativo_vehiculo,motor
1c4e4e17-19cb-4fa8-b3e6-8b5d9ef221bd,2024-12-23,11,20,OTROS GASTOS,OTROS PROVISIONALES,GASTOS_CAJA_UNIDAD,RIO 11 REGULACION FRENOS TRASEROS · Excel GASTOS fila 3574 [origen gastos_caja id=3559],otros gastos | otros provisionales | gastos_provisionales | otros provisionales | rio 11 regulacion frenos traseros · excel gastos fila 3574 [origen gastos_caja id=3559] | gastos_caja_unidad | efectivo | traslado desde gastos_caja (script mover_gastos_caja_a_vehiculo),operativo_vehiculo,frenos
79d5510e-e687-4f4e-87f7-ab1a9d4379ac,2025-01-07,13,200,OTROS GASTOS,OTROS PROVISIONALES,GASTOS_CAJA_UNIDAD,RIO 13 2/4 CAJA ARREGLO RODAJE Y PINOES · Excel GASTOS fila 3638 [origen gastos_caja id=3623],otros gastos | otros provisionales | gastos_provisionales | otros provisionales | rio 13 2/4 caja arreglo rodaje y pinoes · excel gastos fila 3638 [origen gastos_caja id=3623] | gastos_caja_unidad | efectivo | traslado desde gastos_caja (script mover_gastos_caja_a_vehiculo),operativo_vehiculo,motor
1a96a5ff-1e79-4aaf-bd8e-21296359b5a9,2025-01-07,51,20,OTROS GASTOS,OTROS PROVISIONALES,GASTOS_CAJA_UNIDAD,VERSA 51 FRENO REGULACION · Excel GASTOS fila 3658 [origen gastos_caja id=3643],otros gastos | otros provisionales | gastos_provisionales | otros provisionales | versa 51 freno regulacion · excel gastos fila 3658 [origen gastos_caja id=3643] | gastos_caja_unidad | efectivo | traslado desde gastos_caja (script mover_gastos_caja_a_vehiculo),operativo_vehiculo,frenos
620a531b-84b4-4f9a-80b9-fdc748059c2f,2025-01-07,18,80,OTROS GASTOS,OTROS PROVISIONALES,GASTOS_CAJA_UNIDAD,VERSA 18 ELECTRONICO · Excel GASTOS fila 3660 [origen gastos_caja id=3645],otros gastos | otros provisionales | gastos_provisionales | otros provisionales | versa 18 electronico · excel gastos fila 3660 [origen gastos_caja id=3645] | gastos_caja_unidad | efectivo | traslado desde gastos_caja (script mover_gastos_caja_a_vehiculo),operativo_vehiculo,motor
3724d9bf-e178-4cdb-973d-7f909cd84303,2025-02-06,13,210,OTROS GASTOS,OTROS PROVISIONALES,GASTOS_CAJA_UNIDAD,RIO 13 4/4 CAJA ARREGLO RODAJE Y PINOES · Excel GASTOS fila 3760 [origen gastos_caja id=3745],otros gastos | otros provisionales | gastos_provisionales | otros provisionales | rio 13 4/4 caja arreglo rodaje y pinoes · excel gastos fila 3760 [origen gastos_caja id=3745] | gastos_caja_unidad | efectivo | traslado desde gastos_caja (script mover_gastos_caja_a_vehiculo),operativo_vehiculo,motor
82bc835a-f5a0-44bc-b99d-71a80431cf34,2025-02-06,17,150,OTROS GASTOS,OTROS PROVISIONALES,GASTOS_CAJA_UNIDAD,VERSA 17 1/2 2 INYECTORES · Excel GASTOS fila 3769 [origen gastos_caja id=3754],otros gastos | otros provisionales | gastos_provisionales | otros provisionales | versa 17 1/2 2 inyectores · excel gastos fila 3769 [origen gastos_caja id=3754] | gastos_caja_unidad | efectivo | traslado desde gastos_caja (script mover_gastos_caja_a_vehiculo),operativo_vehiculo,motor
e5eb7bc2-a35a-47e0-93b5-507cadfb67d4,2025-02-06,50,100,OTROS GASTOS,OTROS PROVISIONALES,GASTOS_CAJA_UNIDAD,VERSA 50 1/2 1 RODAJE · Excel GASTOS fila 3772 [origen gastos_caja id=3757],otros gastos | otros provisionales | gastos_provisionales | otros provisionales | versa 50 1/2 1 rodaje · excel gastos fila 3772 [origen gastos_caja id=3757] | gastos_caja_unidad | efectivo | traslado desde gastos_caja (script mover_gastos_caja_a_vehiculo),operativo_vehiculo,motor
d11626f4-e2c6-4b0c-9c70-ea8eceeeb7cc,2025-02-06,19,70,OTROS GASTOS,OTROS PROVISIONALES,GASTOS_CAJA_UNIDAD,VERSA 19 ELECTRONICO · Excel GASTOS fila 3781 [origen gastos_caja id=3766],otros gastos | otros provisionales | gastos_provisionales | otros provisionales | versa 19 electronico · excel gastos fila 3781 [origen gastos_caja id=3766] | gastos_caja_unidad | efectivo | traslado desde gastos_caja (script mover_gastos_caja_a_vehiculo),operativo_vehiculo,motor
cb16af14-af90-4ce8-b291-28784ec5bba9,2025-02-06,11,20,OTROS GASTOS,OTROS PROVISIONALES,GASTOS_CAJA_UNIDAD,RIO 11 FOCO H4 · Excel GASTOS fila 3786 [origen gastos_caja id=3771],otros gastos | otros provisionales | gastos_provisionales | otros provisionales | rio 11 foco h4 · excel gastos fila 3786 [origen gastos_caja id=3771] | gastos_caja_unidad | efectivo | traslado desde gastos_caja (script mover_gastos_caja_a_vehiculo),operativo_vehiculo,motor
08718be7-2915-4bac-86c8-8d886302524e,2025-02-06,63,10,OTROS GASTOS,OTROS PROVISIONALES,GASTOS_CAJA_UNIDAD,VERSA 63 CAMBIO FARO · Excel GASTOS fila 3808 [origen gastos_caja id=3792],otros gastos | otros provisionales | gastos_provisionales | otros provisionales | versa 63 cambio faro · excel gastos fila 3808 [origen gastos_caja id=3792] | gastos_caja_unidad | efectivo | traslado desde gastos_caja (script mover_gastos_caja_a_vehiculo),operativo_vehiculo,motor
3a631676-74eb-4786-a2f7-c41a91e4c0e1,2025-02-10,30,180,OTROS GASTOS,OTROS PROVISIONALES,GASTOS_CAJA_UNIDAD,VERSA 30 CAMBIO RODAJE POSTERIOR · Excel GASTOS fila 3823 [origen gastos_caja id=3807],otros gastos | otros provisionales | gastos_provisionales | otros provisionales | versa 30 cambio rodaje posterior · excel gastos fila 3823 [origen gastos_caja id=3807] | gastos_caja_unidad | efectivo | traslado desde gastos_caja (script mover_gastos_caja_a_vehiculo),operativo_vehiculo,motor
d91b9530-ef88-40d7-b0f9-6d49eb12c4b3,2025-02-10,44,440,OTROS GASTOS,OTROS PROVISIONALES,GASTOS_CAJA_UNIDAD,"VERSA 44 CAMBIO DE PALIER LADO DERECHO UNA GRASA, BOCINA DE TAPECIO, 2 PINES DE COLIPER Y RELLENAR EN TORNO Y MOD · Excel GASTOS fila 3827 [origen gastos_caja id=3811]","otros gastos | otros provisionales | gastos_provisionales | otros provisionales | versa 44 cambio de palier lado derecho una grasa, bocina de tapecio, 2 pines de coliper y rellenar en torno y mod · excel gastos fila 3827 [origen gastos_caja id=3811] | gastos_caja_unidad | efectivo | traslado desde gastos_caja (script mover_gastos_caja_a_vehiculo)",operativo_vehiculo,motor
f80e36be-5b38-4ab8-89e7-f6cc6cc7a384,2025-04-04,18,100,OTROS GASTOS,OTROS PROVISIONALES,GASTOS_CAJA_UNIDAD,VERSA 18 1/2 ELECTRONICO · Excel GASTOS fila 4045 [origen gastos_caja id=4029],otros gastos | otros provisionales | gastos_provisionales | otros provisionales | versa 18 1/2 electronico · excel gastos fila 4045 [origen gastos_caja id=4029] | gastos_caja_unidad | efectivo | traslado desde gastos_caja (script mover_gastos_caja_a_vehiculo),operativo_vehiculo,motor
abdb149a-e34f-4478-a71f-36ffdea2c528,2025-04-04,18,150,OTROS GASTOS,OTROS PROVISIONALES,GASTOS_CAJA_UNIDAD,VERSA 18 1/3 CENSOR OXIGENO · Excel GASTOS fila 4050 [origen gastos_caja id=4034],otros gastos | otros provisionales | gastos_provisionales | otros provisionales | versa 18 1/3 censor oxigeno · excel gastos fila 4050 [origen gastos_caja id=4034] | gastos_caja_unidad | efectivo | traslado desde gastos_caja (script mover_gastos_caja_a_vehiculo),operativo_vehiculo,motor
bd00400b-d1ac-49b6-bbda-a060720379db,2025-03-08,17,150,OTROS GASTOS,OTROS PROVISIONALES,GASTOS_CAJA_UNIDAD,VERSA 17 2/2 2 INYECTORES · Excel GASTOS fila 3905 [origen gastos_caja id=3889],otros gastos | otros provisionales | gastos_provisionales | otros provisionales | versa 17 2/2 2 inyectores · excel gastos fila 3905 [origen gastos_caja id=3889] | gastos_caja_unidad | efectivo | traslado desde gastos_caja (script mover_gastos_caja_a_vehiculo),operativo_vehiculo,motor
3b9d2ae9-bfcd-4a16-97a8-a0d9374b11a9,2025-03-08,50,70,OTROS GASTOS,OTROS PROVISIONALES,GASTOS_CAJA_UNIDAD,VERSA 50 2/2 1 RODAJE · Excel GASTOS fila 3908 [origen gastos_caja id=3892],otros gastos | otros provisionales | gastos_provisionales | otros provisionales | versa 50 2/2 1 rodaje · excel gastos fila 3908 [origen gastos_caja id=3892] | gastos_caja_unidad | efectivo | traslado desde gastos_caja (script mover_gastos_caja_a_vehiculo),operativo_vehiculo,motor
e429681f-d291-40c5-89c8-0fb56ad200f8,2025-03-08,35,100,OTROS GASTOS,OTROS PROVISIONALES,GASTOS_CAJA_UNIDAD,VERSA 35 1/4 VENTILADOR COMPLETO · Excel GASTOS fila 3917 [origen gastos_caja id=3901],otros gastos | otros provisionales | gastos_provisionales | otros provisionales | versa 35 1/4 ventilador completo · excel gastos fila 3917 [origen gastos_caja id=3901] | gastos_caja_unidad | efectivo | traslado desde gastos_caja (script mover_gastos_caja_a_vehiculo),operativo_vehiculo,motor
27ffc7f6-7a46-43a0-879f-d92aaefd20c1,2025-03-08,16,100,OTROS GASTOS,OTROS PROVISIONALES,GASTOS_CAJA_UNIDAD,VERSA 16 1/2 ELECTRONICO Y FAJA · Excel GASTOS fila 3922 [origen gastos_caja id=3906],otros gastos | otros provisionales | gastos_provisionales | otros provisionales | versa 16 1/2 electronico y faja · excel gastos fila 3922 [origen gastos_caja id=3906] | gastos_caja_unidad | efectivo | traslado desde gastos_caja (script mover_gastos_caja_a_vehiculo),operativo_vehiculo,motor
019649f4-673f-41f4-a4a0-e339475a9d58,2025-03-08,16,60,OTROS GASTOS,OTROS PROVISIONALES,GASTOS_CAJA_UNIDAD,VERSA 16 1/2 EMPAQUE DE TAPA DE BALANCINES · Excel GASTOS fila 3923 [origen gastos_caja id=3907],otros gastos | otros provisionales | gastos_provisionales | otros provisionales | versa 16 1/2 empaque de tapa de balancines · excel gastos fila 3923 [origen gastos_caja id=3907] | gastos_caja_unidad | efectivo | traslado desde gastos_caja (script mover_gastos_caja_a_vehiculo),operativo_vehiculo,motor
9f4ffe39-f566-49b8-97cc-34639c917934,2025-03-08,23,90,OTROS GASTOS,OTROS PROVISIONALES,GASTOS_CAJA_UNIDAD,VERSA 23 1 FAJA · Excel GASTOS fila 3926 [origen gastos_caja id=3910],otros gastos | otros provisionales | gastos_provisionales | otros provisionales | versa 23 1 faja · excel gastos fila 3926 [origen gastos_caja id=3910] | gastos_caja_unidad | efectivo | traslado desde gastos_caja (script mover_gastos_caja_a_vehiculo),operativo_vehiculo,motor
8f4294ae-8140-4c99-a8e9-212ba1992c4f,2025-03-08,30,100,OTROS GASTOS,OTROS PROVISIONALES,GASTOS_CAJA_UNIDAD,VERSA 30 ELECTRONICO OBTURADOR · Excel GASTOS fila 3927 [origen gastos_caja id=3911],otros gastos | otros provisionales | gastos_provisionales | otros provisionales | versa 30 electronico obturador · excel gastos fila 3927 [origen gastos_caja id=3911] | gastos_caja_unidad | efectivo | traslado desde gastos_caja (script mover_gastos_caja_a_vehiculo),operativo_vehiculo,motor
6a2257dc-dabf-4727-bfb9-03d923aada22,2025-04-04,35,100,OTROS GASTOS,OTROS PROVISIONALES,GASTOS_CAJA_UNIDAD,VERSA 35 2/4 VENTILADOR COMPLETO · Excel GASTOS fila 4035 [origen gastos_caja id=4019],otros gastos | otros provisionales | gastos_provisionales | otros provisionales | versa 35 2/4 ventilador completo · excel gastos fila 4035 [origen gastos_caja id=4019] | gastos_caja_unidad | efectivo | traslado desde gastos_caja (script mover_gastos_caja_a_vehiculo),operativo_vehiculo,motor
d787ff20-4879-436f-ab9e-491804af6c4c,2025-04-04,16,100,OTROS GASTOS,OTROS PROVISIONALES,GASTOS_CAJA_UNIDAD,VERSA 16 2/2 ELECTRONICO Y FAJA · Excel GASTOS fila 4040 [origen gastos_caja id=4024],otros gastos | otros provisionales | gastos_provisionales | otros provisionales | versa 16 2/2 electronico y faja · excel gastos fila 4040 [origen gastos_caja id=4024] | gastos_caja_unidad | efectivo | traslado desde gastos_caja (script mover_gastos_caja_a_vehiculo),operativo_vehiculo,motor
8919b6ed-f919-46a8-878f-94f6647d6ead,2025-04-04,16,60,OTROS GASTOS,OTROS PROVISIONALES,GASTOS_CAJA_UNIDAD,VERSA 16 2/2 EMPAQUE DE TAPA DE BALANCINES · Excel GASTOS fila 4041 [origen gastos_caja id=4025],otros gastos | otros provisionales | gastos_provisionales | otros provisionales | versa 16 2/2 empaque de tapa de balancines · excel gastos fila 4041 [origen gastos_caja id=4025] | gastos_caja_unidad | efectivo | traslado desde gastos_caja (script mover_gastos_caja_a_vehiculo),operativo_vehiculo,motor
e5bdba75-2e94-4ded-9c14-d3d15fcb45ff,2025-04-04,31,200,OTROS GASTOS,OTROS PROVISIONALES,GASTOS_CAJA_UNIDAD,VERSA 31  1/6 CULATA REC. VALVULAS KIT EMPAQUE 1 FAJA · Excel GASTOS fila 4052 [origen gastos_caja id=4036],otros gastos | otros provisionales | gastos_provisionales | otros provisionales | versa 31 1/6 culata rec. valvulas kit empaque 1 faja · excel gastos fila 4052 [origen gastos_caja id=4036] | gastos_caja_unidad | efectivo | traslado desde gastos_caja (script mover_gastos_caja_a_vehiculo),operativo_vehiculo,motor
b20908ee-48e0-4678-a4e3-2336c2b67f6f,2025-04-04,23,100,OTROS GASTOS,OTROS PROVISIONALES,GASTOS_CAJA_UNIDAD,VERSA 23 ELECTRONICO · Excel GASTOS fila 4061 [origen gastos_caja id=4045],otros gastos | otros provisionales | gastos_provisionales | otros provisionales | versa 23 electronico · excel gastos fila 4061 [origen gastos_caja id=4045] | gastos_caja_unidad | efectivo | traslado desde gastos_caja (script mover_gastos_caja_a_vehiculo),operativo_vehiculo,motor
d4191286-9636-47ec-a412-b61407a190f8,2019-05-31,1,90,IMPUESTO SAT,IMPUESTO SAT,,[MAYO] YARIS 01 ANF-599 — IMPUESTO SAT,impuesto sat | gastos_tributarios | impuesto sat | [mayo] yaris 01 anf-599 — impuesto sat | otro | excel gastos la moneda,operativo_vehiculo,motor
d1dbc697-52f8-4ec9-b64b-590a44dda637,2025-04-04,18,60,OTROS GASTOS,OTROS PROVISIONALES,GASTOS_CAJA_UNIDAD,VERSA 18 CAMBIO DE CLAXON  Y ARREGLO EQUIPO ROY · Excel GASTOS fila 4073 [origen gastos_caja id=4057],otros gastos | otros provisionales | gastos_provisionales | otros provisionales | versa 18 cambio de claxon y arreglo equipo roy · excel gastos fila 4073 [origen gastos_caja id=4057] | gastos_caja_unidad | efectivo | traslado desde gastos_caja (script mover_gastos_caja_a_vehiculo),operativo_vehiculo,motor
afbec7d8-5a05-4af6-8aa3-d4fd64617405,2025-04-04,14,200,OTROS GASTOS,OTROS PROVISIONALES,GASTOS_CAJA_UNIDAD,RIO 14  CAMBIO DE A/C MOD JESUS · Excel GASTOS fila 4080 [origen gastos_caja id=4064],otros gastos | otros provisionales | gastos_provisionales | otros provisionales | rio 14 cambio de a/c mod jesus · excel gastos fila 4080 [origen gastos_caja id=4064] | gastos_caja_unidad | efectivo | traslado desde gastos_caja (script mover_gastos_caja_a_vehiculo),operativo_vehiculo,aire_acondicionado
cf88ab92-bb95-4155-944a-a2d85b6efd39,2025-05-08,35,100,OTROS GASTOS,OTROS PROVISIONALES,GASTOS_CAJA_UNIDAD,VERSA 35 3/4 VENTILADOR COMPLETO · Excel GASTOS fila 4177 [origen gastos_caja id=4161],otros gastos | otros provisionales | gastos_provisionales | otros provisionales | versa 35 3/4 ventilador completo · excel gastos fila 4177 [origen gastos_caja id=4161] | gastos_caja_unidad | efectivo | traslado desde gastos_caja (script mover_gastos_caja_a_vehiculo),operativo_vehiculo,motor
5fca15ca-d1db-44da-8043-094550e9db3b,2025-05-08,18,150,OTROS GASTOS,OTROS PROVISIONALES,GASTOS_CAJA_UNIDAD,VERSA 18 2/2 ELECTRONICO · Excel GASTOS fila 4183 [origen gastos_caja id=4167],otros gastos | otros provisionales | gastos_provisionales | otros provisionales | versa 18 2/2 electronico · excel gastos fila 4183 [origen gastos_caja id=4167] | gastos_caja_unidad | efectivo | traslado desde gastos_caja (script mover_gastos_caja_a_vehiculo),operativo_vehiculo,motor
f18fc85a-8ca7-458d-b90d-8412bb3d6450,2025-05-08,18,150,OTROS GASTOS,OTROS PROVISIONALES,GASTOS_CAJA_UNIDAD,VERSA 18 2/3 CENSOR OXIGENO · Excel GASTOS fila 4188 [origen gastos_caja id=4172],otros gastos | otros provisionales | gastos_provisionales | otros provisionales | versa 18 2/3 censor oxigeno · excel gastos fila 4188 [origen gastos_caja id=4172] | gastos_caja_unidad | efectivo | traslado desde gastos_caja (script mover_gastos_caja_a_vehiculo),operativo_vehiculo,motor
1fecece1-e2e8-4680-a99f-56f5813b6a1d,2025-05-08,27,80,OTROS GASTOS,OTROS PROVISIONALES,GASTOS_CAJA_UNIDAD,VERSA 27 1/2 TERMOSTATO Y REFRIGERAMTE · Excel GASTOS fila 4195 [origen gastos_caja id=4179],otros gastos | otros provisionales | gastos_provisionales | otros provisionales | versa 27 1/2 termostato y refrigeramte · excel gastos fila 4195 [origen gastos_caja id=4179] | gastos_caja_unidad | efectivo | traslado desde gastos_caja (script mover_gastos_caja_a_vehiculo),operativo_vehiculo,motor
2fd08e5c-1906-45c0-892e-0cc46d3f7360,2025-05-08,36,100,OTROS GASTOS,OTROS PROVISIONALES,GASTOS_CAJA_UNIDAD,VERSA 36 1/2 PASTILLA · Excel GASTOS fila 4200 [origen gastos_caja id=4184],otros gastos | otros provisionales | gastos_provisionales | otros provisionales | versa 36 1/2 pastilla · excel gastos fila 4200 [origen gastos_caja id=4184] | gastos_caja_unidad | efectivo | traslado desde gastos_caja (script mover_gastos_caja_a_vehiculo),operativo_vehiculo,motor
edd353ed-f4f4-46f4-b49c-563a0ac01f41,2025-05-08,14,90,OTROS GASTOS,OTROS PROVISIONALES,GASTOS_CAJA_UNIDAD,RIO 14 1/2 PASTILLA · Excel GASTOS fila 4205 [origen gastos_caja id=4189],otros gastos | otros provisionales | gastos_provisionales | otros provisionales | rio 14 1/2 pastilla · excel gastos fila 4205 [origen gastos_caja id=4189] | gastos_caja_unidad | efectivo | traslado desde gastos_caja (script mover_gastos_caja_a_vehiculo),operativo_vehiculo,motor
7bb1f41d-691e-418a-ad59-f6e1060f1fa7,2025-05-08,56,90,OTROS GASTOS,OTROS PROVISIONALES,GASTOS_CAJA_UNIDAD,VERSA 56 1/2 1 RODAJE · Excel GASTOS fila 4206 [origen gastos_caja id=4190],otros gastos | otros provisionales | gastos_provisionales | otros provisionales | versa 56 1/2 1 rodaje · excel gastos fila 4206 [origen gastos_caja id=4190] | gastos_caja_unidad | efectivo | traslado desde gastos_caja (script mover_gastos_caja_a_vehiculo),operativo_vehiculo,motor
5378435d-380d-435a-8d2b-0c9469ce0603,2025-05-08,48,80,OTROS GASTOS,OTROS PROVISIONALES,GASTOS_CAJA_UNIDAD,VERSA 48 1/2 PASTILLA · Excel GASTOS fila 4210 [origen gastos_caja id=4194],otros gastos | otros provisionales | gastos_provisionales | otros provisionales | versa 48 1/2 pastilla · excel gastos fila 4210 [origen gastos_caja id=4194] | gastos_caja_unidad | efectivo | traslado desde gastos_caja (script mover_gastos_caja_a_vehiculo),operativo_vehiculo,motor
692ff78a-ddf0-4004-9bda-30c6fff782b7,2025-06-03,35,90,OTROS GASTOS,OTROS PROVISIONALES,GASTOS_CAJA_UNIDAD,VERSA 35 4/4 VENTILADOR COMPLETO · Excel GASTOS fila 4362 [origen gastos_caja id=4346],otros gastos | otros provisionales | gastos_provisionales | otros provisionales | versa 35 4/4 ventilador completo · excel gastos fila 4362 [origen gastos_caja id=4346] | gastos_caja_unidad | efectivo | traslado desde gastos_caja (script mover_gastos_caja_a_vehiculo),operativo_vehiculo,motor
91634105-f74e-4b09-9528-2b67c034ceda,2025-06-03,18,130,OTROS GASTOS,OTROS PROVISIONALES,GASTOS_CAJA_UNIDAD,VERSA 18 3/3 CENSOR OXIGENO · Excel GASTOS fila 4367 [origen gastos_caja id=4351],otros gastos | otros provisionales | gastos_provisionales | otros provisionales | versa 18 3/3 censor oxigeno · excel gastos fila 4367 [origen gastos_caja id=4351] | gastos_caja_unidad | efectivo | traslado desde gastos_caja (script mover_gastos_caja_a_vehiculo),operativo_vehiculo,motor
1e074f51-59fc-41f0-9ab8-603dfa4192e2,2019-08-29,1,90,IMPUESTO SAT,IMPUESTO SAT,,[AGOSTO] YARIS 01 ANF-599 — IMPUESTO SAT,impuesto sat | gastos_tributarios | impuesto sat | [agosto] yaris 01 anf-599 — impuesto sat | otro | excel gastos la moneda,operativo_vehiculo,motor
1348b80f-ed18-4fb4-b927-2e4b5d6f9c91,2025-05-09,25,50,OTROS GASTOS,OTROS PROVISIONALES,GASTOS_CAJA_UNIDAD,VERSA 25 1 RETEN MOD · Excel GASTOS fila 4217 [origen gastos_caja id=4201],otros gastos | otros provisionales | gastos_provisionales | otros provisionales | versa 25 1 reten mod · excel gastos fila 4217 [origen gastos_caja id=4201] | gastos_caja_unidad | efectivo | traslado desde gastos_caja (script mover_gastos_caja_a_vehiculo),operativo_vehiculo,motor
dfab843d-bf48-44b2-9e4c-33ba95e70c0a,2025-05-09,24,90,OTROS GASTOS,OTROS PROVISIONALES,GASTOS_CAJA_UNIDAD,VERSA 24 1 RETEN MOD · Excel GASTOS fila 4221 [origen gastos_caja id=4205],otros gastos | otros provisionales | gastos_provisionales | otros provisionales | versa 24 1 reten mod · excel gastos fila 4221 [origen gastos_caja id=4205] | gastos_caja_unidad | efectivo | traslado desde gastos_caja (script mover_gastos_caja_a_vehiculo),operativo_vehiculo,motor
a4331d4f-cf9c-4037-8e18-0480d4ed44c0,2025-05-07,65,30,OTROS GASTOS,OTROS PROVISIONALES,GASTOS_CAJA_UNIDAD,VERSA 65 GAS · Excel GASTOS fila 4245 [origen gastos_caja id=4229],otros gastos | otros provisionales | gastos_provisionales | otros provisionales | versa 65 gas · excel gastos fila 4245 [origen gastos_caja id=4229] | gastos_caja_unidad | efectivo | traslado desde gastos_caja (script mover_gastos_caja_a_vehiculo),operativo_vehiculo,motor
1ca6796e-0b03-438d-9bd0-2d162206a83a,2025-05-07,65,25,OTROS GASTOS,OTROS PROVISIONALES,GASTOS_CAJA_UNIDAD,VERSA 65 PLUMILLAS · Excel GASTOS fila 4248 [origen gastos_caja id=4232],otros gastos | otros provisionales | gastos_provisionales | otros provisionales | versa 65 plumillas · excel gastos fila 4248 [origen gastos_caja id=4232] | gastos_caja_unidad | efectivo | traslado desde gastos_caja (script mover_gastos_caja_a_vehiculo),operativo_vehiculo,motor
aa8f0e88-d763-442b-8eb0-7b767088114a,2025-05-12,18,180,OTROS GASTOS,OTROS PROVISIONALES,GASTOS_CAJA_UNIDAD,VERSA 18 CAMBIO DE SOPORTE DE CAJA MOD GUMERCINDO · Excel GASTOS fila 4256 [origen gastos_caja id=4240],otros gastos | otros provisionales | gastos_provisionales | otros provisionales | versa 18 cambio de soporte de caja mod gumercindo · excel gastos fila 4256 [origen gastos_caja id=4240] | gastos_caja_unidad | efectivo | traslado desde gastos_caja (script mover_gastos_caja_a_vehiculo),operativo_vehiculo,motor
9c1b2c8e-d7d0-4844-8703-348cd8d378de,2025-05-12,16,20,OTROS GASTOS,OTROS PROVISIONALES,GASTOS_CAJA_UNIDAD,VERSA 16 REGULACION FRENOS GUMERCINDO · Excel GASTOS fila 4259 [origen gastos_caja id=4243],otros gastos | otros provisionales | gastos_provisionales | otros provisionales | versa 16 regulacion frenos gumercindo · excel gastos fila 4259 [origen gastos_caja id=4243] | gastos_caja_unidad | efectivo | traslado desde gastos_caja (script mover_gastos_caja_a_vehiculo),operativo_vehiculo,frenos
326472d1-e5cc-4183-9d81-77debe2756b1,2025-05-12,54,20,OTROS GASTOS,OTROS PROVISIONALES,GASTOS_CAJA_UNIDAD,VERSA 54 REGULACION FRENOS POSTERIORES GUMERCINDO · Excel GASTOS fila 4262 [origen gastos_caja id=4246],otros gastos | otros provisionales | gastos_provisionales | otros provisionales | versa 54 regulacion frenos posteriores gumercindo · excel gastos fila 4262 [origen gastos_caja id=4246] | gastos_caja_unidad | efectivo | traslado desde gastos_caja (script mover_gastos_caja_a_vehiculo),operativo_vehiculo,frenos
78b1fbfc-92f3-4575-a95a-569038b6e1a0,2025-05-12,56,20,OTROS GASTOS,OTROS PROVISIONALES,GASTOS_CAJA_UNIDAD,VERSA 56 REGULACION DE FRENOS POSTERIOR · Excel GASTOS fila 4269 [origen gastos_caja id=4253],otros gastos | otros provisionales | gastos_provisionales | otros provisionales | versa 56 regulacion de frenos posterior · excel gastos fila 4269 [origen gastos_caja id=4253] | gastos_caja_unidad | efectivo | traslado desde gastos_caja (script mover_gastos_caja_a_vehiculo),operativo_vehiculo,frenos
3cce4bc8-5811-4973-8dbf-9b048958b995,2025-05-12,21,180,OTROS GASTOS,OTROS PROVISIONALES,GASTOS_CAJA_UNIDAD,VERSA 21 CAMBIO DE RODAJE POSTERIOR · Excel GASTOS fila 4275 [origen gastos_caja id=4259],otros gastos | otros provisionales | gastos_provisionales | otros provisionales | versa 21 cambio de rodaje posterior · excel gastos fila 4275 [origen gastos_caja id=4259] | gastos_caja_unidad | efectivo | traslado desde gastos_caja (script mover_gastos_caja_a_vehiculo),operativo_vehiculo,motor
cb63da97-ece1-4875-a775-3db80ffcb9b7,2020-05-26,7,1240,OTROS GASTOS,OTROS PROVISIONALES,GASTOS_CAJA_UNIDAD,PAGO PECHY ARREGLO MOTOR YARIS 07 · Excel GASTOS fila 40 [origen gastos_caja id=37],otros gastos | otros provisionales | gastos_provisionales | otros provisionales | pago pechy arreglo motor yaris 07 · excel gastos fila 40 [origen gastos_caja id=37] | gastos_caja_unidad | efectivo | traslado desde gastos_caja (script mover_gastos_caja_a_vehiculo),operativo_vehiculo,motor
3334d8ef-35b6-40ba-8dda-4cb60d2f7fc0,2019-11-14,1,90,IMPUESTO SAT,IMPUESTO SAT,,[NOVIEMBRE] YARIS 01 ANF-599 — IMPUESTO SAT,impuesto sat | gastos_tributarios | impuesto sat | [noviembre] yaris 01 anf-599 — impuesto sat | otro | excel gastos la moneda,operativo_vehiculo,motor
e33d29c3-252a-486c-b64f-0b039be0e568,2025-05-27,65,35,OTROS GASTOS,OTROS PROVISIONALES,GASTOS_CAJA_UNIDAD,VERSA 65 EXTINTOR · Excel GASTOS fila 4291 [origen gastos_caja id=4275],otros gastos | otros provisionales | gastos_provisionales | otros provisionales | versa 65 extintor · excel gastos fila 4291 [origen gastos_caja id=4275] | gastos_caja_unidad | efectivo | traslado desde gastos_caja (script mover_gastos_caja_a_vehiculo),operativo_vehiculo,motor
59cd1376-0799-48ab-b9af-3d3320a5f037,2025-07-04,66,45,OTROS GASTOS,OTROS PROVISIONALES,GASTOS_CAJA_UNIDAD,RIO 66 PLUMILLA Y PROTECTOR DE ESPEJO · Excel GASTOS fila 4552 [origen gastos_caja id=4536],otros gastos | otros provisionales | gastos_provisionales | otros provisionales | rio 66 plumilla y protector de espejo · excel gastos fila 4552 [origen gastos_caja id=4536] | gastos_caja_unidad | efectivo | traslado desde gastos_caja (script mover_gastos_caja_a_vehiculo),operativo_vehiculo,motor
1d5e7b94-fe36-46db-9595-9697862cb3d0,2025-07-04,67,30,OTROS GASTOS,OTROS PROVISIONALES,GASTOS_CAJA_UNIDAD,RIO 67 GAS ENTREGA · Excel GASTOS fila 4557 [origen gastos_caja id=4541],otros gastos | otros provisionales | gastos_provisionales | otros provisionales | rio 67 gas entrega · excel gastos fila 4557 [origen gastos_caja id=4541] | gastos_caja_unidad | efectivo | traslado desde gastos_caja (script mover_gastos_caja_a_vehiculo),operativo_vehiculo,motor
93605dba-03cc-45d7-93be-59f1ff794651,2025-06-03,27,100,OTROS GASTOS,OTROS PROVISIONALES,GASTOS_CAJA_UNIDAD,VERSA 27 2/2 TERMOSTATO Y REFRIGERAMTE · Excel GASTOS fila 4373 [origen gastos_caja id=4357],otros gastos | otros provisionales | gastos_provisionales | otros provisionales | versa 27 2/2 termostato y refrigeramte · excel gastos fila 4373 [origen gastos_caja id=4357] | gastos_caja_unidad | efectivo | traslado desde gastos_caja (script mover_gastos_caja_a_vehiculo),operativo_vehiculo,motor
db0d2ff2-0152-4642-8db3-780d6687eaf3,2025-06-03,36,110,OTROS GASTOS,OTROS PROVISIONALES,GASTOS_CAJA_UNIDAD,VERSA 36 2/2 PASTILLA · Excel GASTOS fila 4377 [origen gastos_caja id=4361],otros gastos | otros provisionales | gastos_provisionales | otros provisionales | versa 36 2/2 pastilla · excel gastos fila 4377 [origen gastos_caja id=4361] | gastos_caja_unidad | efectivo | traslado desde gastos_caja (script mover_gastos_caja_a_vehiculo),operativo_vehiculo,motor
75da10b7-fd1d-44ff-81f4-15b5eb3e71db,2025-06-03,14,90,OTROS GASTOS,OTROS PROVISIONALES,GASTOS_CAJA_UNIDAD,RIO 14 2/2 PASTILLA · Excel GASTOS fila 4382 [origen gastos_caja id=4366],otros gastos | otros provisionales | gastos_provisionales | otros provisionales | rio 14 2/2 pastilla · excel gastos fila 4382 [origen gastos_caja id=4366] | gastos_caja_unidad | efectivo | traslado desde gastos_caja (script mover_gastos_caja_a_vehiculo),operativo_vehiculo,motor
2cbddcb5-238a-4f6e-9a45-83dd5a7aebc6,2025-06-03,56,90,OTROS GASTOS,OTROS PROVISIONALES,GASTOS_CAJA_UNIDAD,VERSA 56 2/2 1 RODAJE · Excel GASTOS fila 4383 [origen gastos_caja id=4367],otros gastos | otros provisionales | gastos_provisionales | otros provisionales | versa 56 2/2 1 rodaje · excel gastos fila 4383 [origen gastos_caja id=4367] | gastos_caja_unidad | efectivo | traslado desde gastos_caja (script mover_gastos_caja_a_vehiculo),operativo_vehiculo,motor
d5c898c5-216b-4266-a958-99f39f1089c3,2025-06-03,48,80,OTROS GASTOS,OTROS PROVISIONALES,GASTOS_CAJA_UNIDAD,VERSA 48 2/2 PASTILLA · Excel GASTOS fila 4387 [origen gastos_caja id=4371],otros gastos | otros provisionales | gastos_provisionales | otros provisionales | versa 48 2/2 pastilla · excel gastos fila 4387 [origen gastos_caja id=4371] | gastos_caja_unidad | efectivo | traslado desde gastos_caja (script mover_gastos_caja_a_vehiculo),operativo_vehiculo,motor
ea6d5779-74de-4e28-bc01-aae4f484cd11,2025-06-03,23,120,OTROS GASTOS,OTROS PROVISIONALES,GASTOS_CAJA_UNIDAD,VERSA 23 1/2 RODAJE · Excel GASTOS fila 4397 [origen gastos_caja id=4381],otros gastos | otros provisionales | gastos_provisionales | otros provisionales | versa 23 1/2 rodaje · excel gastos fila 4397 [origen gastos_caja id=4381] | gastos_caja_unidad | efectivo | traslado desde gastos_caja (script mover_gastos_caja_a_vehiculo),operativo_vehiculo,motor
fea7e4f1-6c05-4e39-bbc0-5da12b7f76a6,2025-06-03,39,80,OTROS GASTOS,OTROS PROVISIONALES,GASTOS_CAJA_UNIDAD,VERSA 39 1/2 PASTILLA · Excel GASTOS fila 4400 [origen gastos_caja id=4384],otros gastos | otros provisionales | gastos_provisionales | otros provisionales | versa 39 1/2 pastilla · excel gastos fila 4400 [origen gastos_caja id=4384] | gastos_caja_unidad | efectivo | traslado desde gastos_caja (script mover_gastos_caja_a_vehiculo),operativo_vehiculo,motor
e07a4989-e9ca-4108-83d0-3269e848ebf2,2025-06-04,16,100,OTROS GASTOS,OTROS PROVISIONALES,GASTOS_CAJA_UNIDAD,VERSA 16 ARREGLO PARACHQOUE MAS FARO DELANTERO Y TRASERO · Excel GASTOS fila 4432 [origen gastos_caja id=4416],otros gastos | otros provisionales | gastos_provisionales | otros provisionales | versa 16 arreglo parachqoue mas faro delantero y trasero · excel gastos fila 4432 [origen gastos_caja id=4416] | gastos_caja_unidad | efectivo | traslado desde gastos_caja (script mover_gastos_caja_a_vehiculo),operativo_vehiculo,motor
0ab17dc4-45ca-4890-ad71-335ee89fd769,2025-06-04,16,400,OTROS GASTOS,OTROS PROVISIONALES,GASTOS_CAJA_UNIDAD,VERSA 16 JACINTO ARREGLO PARACHQOUE DELANTERO Y TRASERO MAS MALETERA · Excel GASTOS fila 4436 [origen gastos_caja id=4420],otros gastos | otros provisionales | gastos_provisionales | otros provisionales | versa 16 jacinto arreglo parachqoue delantero y trasero mas maletera · excel gastos fila 4436 [origen gastos_caja id=4420] | gastos_caja_unidad | efectivo | traslado desde gastos_caja (script mover_gastos_caja_a_vehiculo),operativo_vehiculo,motor
069a21aa-2d0c-4804-875d-70a7eb2fb451,2025-06-04,65,175,OTROS GASTOS,OTROS PROVISIONALES,GASTOS_CAJA_UNIDAD,VERSA 65 ALARMA MAS BOTON MALETERA · Excel GASTOS fila 4449 [origen gastos_caja id=4433],otros gastos | otros provisionales | gastos_provisionales | otros provisionales | versa 65 alarma mas boton maletera · excel gastos fila 4449 [origen gastos_caja id=4433] | gastos_caja_unidad | efectivo | traslado desde gastos_caja (script mover_gastos_caja_a_vehiculo),operativo_vehiculo,motor
9e580e13-70c5-473f-b1c6-013ea0e68df1,2025-07-04,68,30,OTROS GASTOS,OTROS PROVISIONALES,GASTOS_CAJA_UNIDAD,RIO 68 FRENOS GUERREROS REGULACION · Excel GASTOS fila 4563 [origen gastos_caja id=4547],otros gastos | otros provisionales | gastos_provisionales | otros provisionales | rio 68 frenos guerreros regulacion · excel gastos fila 4563 [origen gastos_caja id=4547] | gastos_caja_unidad | efectivo | traslado desde gastos_caja (script mover_gastos_caja_a_vehiculo),operativo_vehiculo,frenos
1402c5b9-9898-4cf8-8a10-0ed9a97b4836,2025-07-04,68,60,OTROS GASTOS,OTROS PROVISIONALES,GASTOS_CAJA_UNIDAD,RIO 68 EXTINTOR Y BOTIQUIN · Excel GASTOS fila 4564 [origen gastos_caja id=4548],otros gastos | otros provisionales | gastos_provisionales | otros provisionales | rio 68 extintor y botiquin · excel gastos fila 4564 [origen gastos_caja id=4548] | gastos_caja_unidad | efectivo | traslado desde gastos_caja (script mover_gastos_caja_a_vehiculo),operativo_vehiculo,motor
79394c4a-4101-438f-92e1-5319dca5d6aa,2025-07-04,21,60,OTROS GASTOS,OTROS PROVISIONALES,GASTOS_CAJA_UNIDAD,VERSA 21 ARREGLO VIDRIO Y PESTILLO · Excel GASTOS fila 4578 [origen gastos_caja id=4562],otros gastos | otros provisionales | gastos_provisionales | otros provisionales | versa 21 arreglo vidrio y pestillo · excel gastos fila 4578 [origen gastos_caja id=4562] | gastos_caja_unidad | efectivo | traslado desde gastos_caja (script mover_gastos_caja_a_vehiculo),operativo_vehiculo,motor
321ab8f6-ed1d-480f-942e-5a856defb91e,2025-07-08,23,120,OTROS GASTOS,OTROS PROVISIONALES,GASTOS_CAJA_UNIDAD,VERSA 23 2/2 RODAJE · Excel GASTOS fila 4625 [origen gastos_caja id=4609],otros gastos | otros provisionales | gastos_provisionales | otros provisionales | versa 23 2/2 rodaje · excel gastos fila 4625 [origen gastos_caja id=4609] | gastos_caja_unidad | efectivo | traslado desde gastos_caja (script mover_gastos_caja_a_vehiculo),operativo_vehiculo,motor
e3d45087-d353-40cf-9436-d2be24ad76d8,2025-07-08,39,80,OTROS GASTOS,OTROS PROVISIONALES,GASTOS_CAJA_UNIDAD,VERSA 39 2/2 PASTILLA · Excel GASTOS fila 4628 [origen gastos_caja id=4612],otros gastos | otros provisionales | gastos_provisionales | otros provisionales | versa 39 2/2 pastilla · excel gastos fila 4628 [origen gastos_caja id=4612] | gastos_caja_unidad | efectivo | traslado desde gastos_caja (script mover_gastos_caja_a_vehiculo),operativo_vehiculo,motor
1a50ff8f-58d3-400e-b02b-0f73a12f5b77,2025-07-08,54,60,OTROS GASTOS,OTROS PROVISIONALES,GASTOS_CAJA_UNIDAD,VERSA 54 LIMPIEZA OBTURADOR MAS CARBUCHOC · Excel GASTOS fila 4662 [origen gastos_caja id=4646],otros gastos | otros provisionales | gastos_provisionales | otros provisionales | versa 54 limpieza obturador mas carbuchoc · excel gastos fila 4662 [origen gastos_caja id=4646] | gastos_caja_unidad | efectivo | traslado desde gastos_caja (script mover_gastos_caja_a_vehiculo),operativo_vehiculo,motor
3a7b1a09-9b32-4d6d-9c1e-587a24c5ca5d,2025-08-28,38,180,OTROS GASTOS,OTROS PROVISIONALES,GASTOS_CAJA_UNIDAD,VERSA 38 CAMBIO DE RODAJE  POSTERIOR IZQUIERDO · Excel GASTOS fila 4852 [origen gastos_caja id=4836],otros gastos | otros provisionales | gastos_provisionales | otros provisionales | versa 38 cambio de rodaje posterior izquierdo · excel gastos fila 4852 [origen gastos_caja id=4836] | gastos_caja_unidad | efectivo | traslado desde gastos_caja (script mover_gastos_caja_a_vehiculo),operativo_vehiculo,motor
c2cb062c-6318-43db-833a-1e7620ba99ad,2025-07-21,70,70,OTROS GASTOS,OTROS PROVISIONALES,GASTOS_CAJA_UNIDAD,VERSA 70 EXTINTOR BOTIQUIN Y TRIANGULO · Excel GASTOS fila 4669 [origen gastos_caja id=4653],otros gastos | otros provisionales | gastos_provisionales | otros provisionales | versa 70 extintor botiquin y triangulo · excel gastos fila 4669 [origen gastos_caja id=4653] | gastos_caja_unidad | efectivo | traslado desde gastos_caja (script mover_gastos_caja_a_vehiculo),operativo_vehiculo,motor
d1eabe58-e2d2-446e-b6d2-e3aad3cfbb3c,2025-08-06,48,80,OTROS GASTOS,OTROS PROVISIONALES,GASTOS_CAJA_UNIDAD,VERSA 48 PALNCA DE CAMBIOS ARREGLO · Excel GASTOS fila 4787 [origen gastos_caja id=4771],otros gastos | otros provisionales | gastos_provisionales | otros provisionales | versa 48 palnca de cambios arreglo · excel gastos fila 4787 [origen gastos_caja id=4771] | gastos_caja_unidad | efectivo | traslado desde gastos_caja (script mover_gastos_caja_a_vehiculo),operativo_vehiculo,motor
937914f9-36ab-419f-bc93-7a05935ee3da,2025-08-28,66,220,OTROS GASTOS,OTROS PROVISIONALES,GASTOS_CAJA_UNIDAD,RIO 66 CAMBIO DE 2 RESORTES POSTERIOR MAS MOD · Excel GASTOS fila 4833 [origen gastos_caja id=4817],otros gastos | otros provisionales | gastos_provisionales | otros provisionales | rio 66 cambio de 2 resortes posterior mas mod · excel gastos fila 4833 [origen gastos_caja id=4817] | gastos_caja_unidad | efectivo | traslado desde gastos_caja (script mover_gastos_caja_a_vehiculo),operativo_vehiculo,motor
b5de3110-60d4-4679-91ab-979085f37751,2025-08-28,65,20,OTROS GASTOS,OTROS PROVISIONALES,GASTOS_CAJA_UNIDAD,VERSA 65 ARREGLO DE TUBO DE ESCAPE · Excel GASTOS fila 4834 [origen gastos_caja id=4818],otros gastos | otros provisionales | gastos_provisionales | otros provisionales | versa 65 arreglo de tubo de escape · excel gastos fila 4834 [origen gastos_caja id=4818] | gastos_caja_unidad | efectivo | traslado desde gastos_caja (script mover_gastos_caja_a_vehiculo),operativo_vehiculo,motor
03151707-5283-4ee3-9e9e-c50f5c093a95,2025-08-28,48,112,OTROS GASTOS,OTROS PROVISIONALES,GASTOS_CAJA_UNIDAD,VERSA 48 RELLENADO DE CALIPES DE FRENO Y ORINES MAS MOD · Excel GASTOS fila 4836 [origen gastos_caja id=4820],otros gastos | otros provisionales | gastos_provisionales | otros provisionales | versa 48 rellenado de calipes de freno y orines mas mod · excel gastos fila 4836 [origen gastos_caja id=4820] | gastos_caja_unidad | efectivo | traslado desde gastos_caja (script mover_gastos_caja_a_vehiculo),operativo_vehiculo,frenos
b446f1cf-5b16-48cd-bba2-810d79035046,2025-08-28,70,180,OTROS GASTOS,OTROS PROVISIONALES,GASTOS_CAJA_UNIDAD,VERSA 70 CAMBIO DE RODAJE POSTERIOR · Excel GASTOS fila 4837 [origen gastos_caja id=4821],otros gastos | otros provisionales | gastos_provisionales | otros provisionales | versa 70 cambio de rodaje posterior · excel gastos fila 4837 [origen gastos_caja id=4821] | gastos_caja_unidad | efectivo | traslado desde gastos_caja (script mover_gastos_caja_a_vehiculo),operativo_vehiculo,motor
c766f11c-02e2-42ac-85a0-d42169a1c957,2025-08-28,27,180,OTROS GASTOS,OTROS PROVISIONALES,GASTOS_CAJA_UNIDAD,VERSA 27 CAMBIO RODAJE POSTERIOR DERECHO · Excel GASTOS fila 4841 [origen gastos_caja id=4825],otros gastos | otros provisionales | gastos_provisionales | otros provisionales | versa 27 cambio rodaje posterior derecho · excel gastos fila 4841 [origen gastos_caja id=4825] | gastos_caja_unidad | efectivo | traslado desde gastos_caja (script mover_gastos_caja_a_vehiculo),operativo_vehiculo,motor
59bef104-3c91-45e0-8f70-ca97b6bec5a0,2025-08-28,47,190,OTROS GASTOS,OTROS PROVISIONALES,GASTOS_CAJA_UNIDAD,VERSA 47 CAMBIO RODAJE POSTERIOR DERECHO Y REGULACION DE FRENOS · Excel GASTOS fila 4842 [origen gastos_caja id=4826],otros gastos | otros provisionales | gastos_provisionales | otros provisionales | versa 47 cambio rodaje posterior derecho y regulacion de frenos · excel gastos fila 4842 [origen gastos_caja id=4826] | gastos_caja_unidad | efectivo | traslado desde gastos_caja (script mover_gastos_caja_a_vehiculo),operativo_vehiculo,frenos
702a4fd8-c24e-42e9-8b16-b5964e287d40,2025-08-28,57,580,OTROS GASTOS,OTROS PROVISIONALES,GASTOS_CAJA_UNIDAD,VERSA 57 CAMBIO DE DOS AMOTIGUADORES DELANTEROS MAS SOPORTE DE CAJA MAS REGULACION DE FAJA DE DISTRIBUCION · Excel GASTOS fila 4843 [origen gastos_caja id=4827],otros gastos | otros provisionales | gastos_provisionales | otros provisionales | versa 57 cambio de dos amotiguadores delanteros mas soporte de caja mas regulacion de faja de distribucion · excel gastos fila 4843 [origen gastos_caja id=4827] | gastos_caja_unidad | efectivo | traslado desde gastos_caja (script mover_gastos_caja_a_vehiculo),operativo_vehiculo,motor
b62da598-0794-446b-8e29-4302d57e7649,2025-08-28,71,180,OTROS GASTOS,OTROS PROVISIONALES,GASTOS_CAJA_UNIDAD,VERSA 71 CAMBIO RODAJE POSTERIOR IZQUIERDO · Excel GASTOS fila 4847 [origen gastos_caja id=4831],otros gastos | otros provisionales | gastos_provisionales | otros provisionales | versa 71 cambio rodaje posterior izquierdo · excel gastos fila 4847 [origen gastos_caja id=4831] | gastos_caja_unidad | efectivo | traslado desde gastos_caja (script mover_gastos_caja_a_vehiculo),operativo_vehiculo,motor
349b1e17-871a-4137-96ca-60c74c4d5e92,2025-09-04,42,40,OTROS GASTOS,OTROS PROVISIONALES,GASTOS_CAJA_UNIDAD,VERSA 42 SERVICIO POR CAMBIAR TOMA DE CARGA · Excel GASTOS fila 5006 [origen gastos_caja id=4990],otros gastos | otros provisionales | gastos_provisionales | otros provisionales | versa 42 servicio por cambiar toma de carga · excel gastos fila 5006 [origen gastos_caja id=4990] | gastos_caja_unidad | efectivo | traslado desde gastos_caja (script mover_gastos_caja_a_vehiculo),operativo_vehiculo,motor
934ac171-3a02-4972-9c94-cd95f24a89b6,2025-09-04,10,100,OTROS GASTOS,OTROS PROVISIONALES,GASTOS_CAJA_UNIDAD,RIO 10 1/2 CENSOR DE VALVULA DE AIRE · Excel GASTOS fila 4939 [origen gastos_caja id=4923],otros gastos | otros provisionales | gastos_provisionales | otros provisionales | rio 10 1/2 censor de valvula de aire · excel gastos fila 4939 [origen gastos_caja id=4923] | gastos_caja_unidad | efectivo | traslado desde gastos_caja (script mover_gastos_caja_a_vehiculo),operativo_vehiculo,motor
ebb69ceb-b126-4418-91bf-48285e7e3356,2025-09-04,12,280,OTROS GASTOS,OTROS PROVISIONALES,GASTOS_CAJA_UNIDAD,"RIO 12 1/7 REC. CULATA , KIT EMPAQUE, CAñERIAS DE MOTOR AGUA · Excel GASTOS fila 4940 [origen gastos_caja id=4924]","otros gastos | otros provisionales | gastos_provisionales | otros provisionales | rio 12 1/7 rec. culata , kit empaque, canerias de motor agua · excel gastos fila 4940 [origen gastos_caja id=4924] | gastos_caja_unidad | efectivo | traslado desde gastos_caja (script mover_gastos_caja_a_vehiculo)",operativo_vehiculo,motor
3e003cfe-3a05-49ae-8552-994888b28cfe,2025-09-04,24,200,OTROS GASTOS,OTROS PROVISIONALES,GASTOS_CAJA_UNIDAD,VERSA 24 1/2 CENSOR DE OXIGENO  MDO · Excel GASTOS fila 4954 [origen gastos_caja id=4938],otros gastos | otros provisionales | gastos_provisionales | otros provisionales | versa 24 1/2 censor de oxigeno mdo · excel gastos fila 4954 [origen gastos_caja id=4938] | gastos_caja_unidad | efectivo | traslado desde gastos_caja (script mover_gastos_caja_a_vehiculo),operativo_vehiculo,motor
6d8960a5-bbc6-48c8-a6fd-00417ef4381e,2025-09-04,11,20,OTROS GASTOS,OTROS PROVISIONALES,GASTOS_CAJA_UNIDAD,RIO 11 ORINGS DE INYECTORES · Excel GASTOS fila 4960 [origen gastos_caja id=4944],otros gastos | otros provisionales | gastos_provisionales | otros provisionales | rio 11 orings de inyectores · excel gastos fila 4960 [origen gastos_caja id=4944] | gastos_caja_unidad | efectivo | traslado desde gastos_caja (script mover_gastos_caja_a_vehiculo),operativo_vehiculo,motor
eb6b4c75-ea23-46a5-b174-f32fd97d33b3,2025-09-04,29,20,OTROS GASTOS,OTROS PROVISIONALES,GASTOS_CAJA_UNIDAD,VERSA 29 ORINGS DE INYECTORES · Excel GASTOS fila 4961 [origen gastos_caja id=4945],otros gastos | otros provisionales | gastos_provisionales | otros provisionales | versa 29 orings de inyectores · excel gastos fila 4961 [origen gastos_caja id=4945] | gastos_caja_unidad | efectivo | traslado desde gastos_caja (script mover_gastos_caja_a_vehiculo),operativo_vehiculo,motor
b436780d-6b9a-42fe-b7f3-abb9bb555016,2025-09-04,39,350,OTROS GASTOS,OTROS PROVISIONALES,GASTOS_CAJA_UNIDAD,VERSA 39 ARREGLO PARA CHOQUE TRASERO MAS GUARDAFANGO Y PULIDO DE AUTO · Excel GASTOS fila 4976 [origen gastos_caja id=4960],otros gastos | otros provisionales | gastos_provisionales | otros provisionales | versa 39 arreglo para choque trasero mas guardafango y pulido de auto · excel gastos fila 4976 [origen gastos_caja id=4960] | gastos_caja_unidad | efectivo | traslado desde gastos_caja (script mover_gastos_caja_a_vehiculo),operativo_vehiculo,motor
51784366-a944-4db9-806d-81cf35fa9a46,2025-09-04,19,20,OTROS GASTOS,OTROS PROVISIONALES,GASTOS_CAJA_UNIDAD,VERSA 19 MANT FRENOS · Excel GASTOS fila 4977 [origen gastos_caja id=4961],otros gastos | otros provisionales | gastos_provisionales | otros provisionales | versa 19 mant frenos · excel gastos fila 4977 [origen gastos_caja id=4961] | gastos_caja_unidad | efectivo | traslado desde gastos_caja (script mover_gastos_caja_a_vehiculo),operativo_vehiculo,frenos
1ca27ee8-77be-4684-9ced-e0d1a03cf25c,2025-09-04,24,80,OTROS GASTOS,OTROS PROVISIONALES,GASTOS_CAJA_UNIDAD,VERSA 24 LIMPIEZA CATALIZADOR Y REGULACION · Excel GASTOS fila 5004 [origen gastos_caja id=4988],otros gastos | otros provisionales | gastos_provisionales | otros provisionales | versa 24 limpieza catalizador y regulacion · excel gastos fila 5004 [origen gastos_caja id=4988] | gastos_caja_unidad | efectivo | traslado desde gastos_caja (script mover_gastos_caja_a_vehiculo),operativo_vehiculo,motor
ac551b7a-707e-4c1c-9d12-c0962d2c67b0,2025-08-30,12,220,OTROS GASTOS,OTROS PROVISIONALES,GASTOS_CAJA_UNIDAD,RIO 12 CAMBIO DE 2 RESORTES POSTERIOR Y MOD · Excel GASTOS fila 5178 [origen gastos_caja id=5162],otros gastos | otros provisionales | gastos_provisionales | otros provisionales | rio 12 cambio de 2 resortes posterior y mod · excel gastos fila 5178 [origen gastos_caja id=5162] | gastos_caja_unidad | efectivo | traslado desde gastos_caja (script mover_gastos_caja_a_vehiculo),operativo_vehiculo,motor
1de1da86-a76d-4808-951f-83d6eb6a3d72,2025-09-01,50,180,OTROS GASTOS,OTROS PROVISIONALES,GASTOS_CAJA_UNIDAD,VERSA 50 CAMBIO DE RODAJE POSTERIOR · Excel GASTOS fila 5179 [origen gastos_caja id=5163],otros gastos | otros provisionales | gastos_provisionales | otros provisionales | versa 50 cambio de rodaje posterior · excel gastos fila 5179 [origen gastos_caja id=5163] | gastos_caja_unidad | efectivo | traslado desde gastos_caja (script mover_gastos_caja_a_vehiculo),operativo_vehiculo,motor
78151fbf-0c0f-4e57-8239-3673508ed56c,2025-09-04,10,150,OTROS GASTOS,OTROS PROVISIONALES,GASTOS_CAJA_UNIDAD,RIO 10 2/2 CENSOR DE VALVULA DE AIRE · Excel GASTOS fila 5089 [origen gastos_caja id=5073],otros gastos | otros provisionales | gastos_provisionales | otros provisionales | rio 10 2/2 censor de valvula de aire · excel gastos fila 5089 [origen gastos_caja id=5073] | gastos_caja_unidad | efectivo | traslado desde gastos_caja (script mover_gastos_caja_a_vehiculo),operativo_vehiculo,motor
36f0a725-ba80-44e6-bbce-6d57171a1781,2025-09-04,12,280,OTROS GASTOS,OTROS PROVISIONALES,GASTOS_CAJA_UNIDAD,"RIO 12 2/7 REC. CULATA , KIT EMPAQUE, CAñERIAS DE MOTOR AGUA · Excel GASTOS fila 5090 [origen gastos_caja id=5074]","otros gastos | otros provisionales | gastos_provisionales | otros provisionales | rio 12 2/7 rec. culata , kit empaque, canerias de motor agua · excel gastos fila 5090 [origen gastos_caja id=5074] | gastos_caja_unidad | efectivo | traslado desde gastos_caja (script mover_gastos_caja_a_vehiculo)",operativo_vehiculo,motor
9d7c1f08-e80b-460b-8513-44ee2fb7491a,2025-09-04,24,230,OTROS GASTOS,OTROS PROVISIONALES,GASTOS_CAJA_UNIDAD,VERSA 24 2/2 CENSOR DE OXIGENO  MDO · Excel GASTOS fila 5104 [origen gastos_caja id=5088],otros gastos | otros provisionales | gastos_provisionales | otros provisionales | versa 24 2/2 censor de oxigeno mdo · excel gastos fila 5104 [origen gastos_caja id=5088] | gastos_caja_unidad | efectivo | traslado desde gastos_caja (script mover_gastos_caja_a_vehiculo),operativo_vehiculo,motor
4dda21e6-1e6f-4ec5-8633-01f8851194bb,2025-10-06,20,30,OTROS GASTOS,OTROS PROVISIONALES,GASTOS_CAJA_UNIDAD,VERSA 20 ORIN DE LOS INYECTORES · Excel GASTOS fila 5123 [origen gastos_caja id=5107],otros gastos | otros provisionales | gastos_provisionales | otros provisionales | versa 20 orin de los inyectores · excel gastos fila 5123 [origen gastos_caja id=5107] | gastos_caja_unidad | efectivo | traslado desde gastos_caja (script mover_gastos_caja_a_vehiculo),operativo_vehiculo,motor
8ce88156-bbfe-4ecb-972e-5f45cc630685,2025-10-06,75,450,OTROS GASTOS,OTROS PROVISIONALES,GASTOS_CAJA_UNIDAD,VERSA 75 COPIA DE LLAVE DE AUTO · Excel GASTOS fila 5144 [origen gastos_caja id=5128],otros gastos | otros provisionales | gastos_provisionales | otros provisionales | versa 75 copia de llave de auto · excel gastos fila 5144 [origen gastos_caja id=5128] | gastos_caja_unidad | efectivo | traslado desde gastos_caja (script mover_gastos_caja_a_vehiculo),operativo_vehiculo,motor
fafe7d29-c9ea-4c0b-b5c7-0b8eea8fa5bf,2025-09-05,22,550,OTROS GASTOS,OTROS PROVISIONALES,GASTOS_CAJA_UNIDAD,"VERSA 22 CAMBIO DE SOPORTE DE MOTOR, SOPORTE DE CAJA, SUPLES Y SOLDAR TUBO MOD · Excel GASTOS fila 5182 [origen gastos_caja id=5166]","otros gastos | otros provisionales | gastos_provisionales | otros provisionales | versa 22 cambio de soporte de motor, soporte de caja, suples y soldar tubo mod · excel gastos fila 5182 [origen gastos_caja id=5166] | gastos_caja_unidad | efectivo | traslado desde gastos_caja (script mover_gastos_caja_a_vehiculo)",operativo_vehiculo,motor
7b943eb5-eb02-4e4f-9056-0c015977fb29,2025-09-08,21,180,OTROS GASTOS,OTROS PROVISIONALES,GASTOS_CAJA_UNIDAD,VERSA 21 CAMBIO DE RODAJE DELANTEROP MOD · Excel GASTOS fila 5183 [origen gastos_caja id=5167],otros gastos | otros provisionales | gastos_provisionales | otros provisionales | versa 21 cambio de rodaje delanterop mod · excel gastos fila 5183 [origen gastos_caja id=5167] | gastos_caja_unidad | efectivo | traslado desde gastos_caja (script mover_gastos_caja_a_vehiculo),operativo_vehiculo,motor
c2ab4bde-631a-44a9-8585-1525f37b3583,2025-09-18,33,130,OTROS GASTOS,OTROS PROVISIONALES,GASTOS_CAJA_UNIDAD,VERSA 33 CAMBIO DE TERMINAL DE DIRECCION LADO DERECHO · Excel GASTOS fila 5188 [origen gastos_caja id=5172],otros gastos | otros provisionales | gastos_provisionales | otros provisionales | versa 33 cambio de terminal de direccion lado derecho · excel gastos fila 5188 [origen gastos_caja id=5172] | gastos_caja_unidad | efectivo | traslado desde gastos_caja (script mover_gastos_caja_a_vehiculo),operativo_vehiculo,motor
3651038c-0925-47b0-8da7-827bba6ff860,2025-09-24,56,110,OTROS GASTOS,OTROS PROVISIONALES,GASTOS_CAJA_UNIDAD,VERSA 56 SUPLES POSTERIOR Y REGULACION DE FRENO POSTERIOR · Excel GASTOS fila 5190 [origen gastos_caja id=5174],otros gastos | otros provisionales | gastos_provisionales | otros provisionales | versa 56 suples posterior y regulacion de freno posterior · excel gastos fila 5190 [origen gastos_caja id=5174] | gastos_caja_unidad | efectivo | traslado desde gastos_caja (script mover_gastos_caja_a_vehiculo),operativo_vehiculo,frenos
f6e1da7c-b440-4cee-98aa-23002e4f6f72,2025-09-30,75,180,OTROS GASTOS,OTROS PROVISIONALES,GASTOS_CAJA_UNIDAD,VERSA 75 CAMBIO RODAJE · Excel GASTOS fila 5197 [origen gastos_caja id=5181],otros gastos | otros provisionales | gastos_provisionales | otros provisionales | versa 75 cambio rodaje · excel gastos fila 5197 [origen gastos_caja id=5181] | gastos_caja_unidad | efectivo | traslado desde gastos_caja (script mover_gastos_caja_a_vehiculo),operativo_vehiculo,motor
78fbd143-a177-40e6-afce-fa011b27dc1a,2025-10-13,50,20,OTROS GASTOS,OTROS PROVISIONALES,GASTOS_CAJA_UNIDAD,VERSA 50 TUBO DE ESCAPE · Excel GASTOS fila 5201 [origen gastos_caja id=5185],otros gastos | otros provisionales | gastos_provisionales | otros provisionales | versa 50 tubo de escape · excel gastos fila 5201 [origen gastos_caja id=5185] | gastos_caja_unidad | efectivo | traslado desde gastos_caja (script mover_gastos_caja_a_vehiculo),operativo_vehiculo,motor
0cc72e91-4f89-4c18-838a-e4786ec704e1,2025-11-04,12,280,OTROS GASTOS,OTROS PROVISIONALES,GASTOS_CAJA_UNIDAD,"RIO 12 3/7 REC. CULATA , KIT EMPAQUE, CAñERIAS DE MOTOR AGUA · Excel GASTOS fila 5277 [origen gastos_caja id=5261]","otros gastos | otros provisionales | gastos_provisionales | otros provisionales | rio 12 3/7 rec. culata , kit empaque, canerias de motor agua · excel gastos fila 5277 [origen gastos_caja id=5261] | gastos_caja_unidad | efectivo | traslado desde gastos_caja (script mover_gastos_caja_a_vehiculo)",operativo_vehiculo,motor
4b99d581-365d-40b1-ab1e-01c2f94eb1ff,2025-11-04,22,140,OTROS GASTOS,OTROS PROVISIONALES,GASTOS_CAJA_UNIDAD,"VERSA 22 1/4 RODAJE, BOCAMASA, PALIER Y GRASA · Excel GASTOS fila 5302 [origen gastos_caja id=5286]","otros gastos | otros provisionales | gastos_provisionales | otros provisionales | versa 22 1/4 rodaje, bocamasa, palier y grasa · excel gastos fila 5302 [origen gastos_caja id=5286] | gastos_caja_unidad | efectivo | traslado desde gastos_caja (script mover_gastos_caja_a_vehiculo)",operativo_vehiculo,motor
1148d68c-d9c2-42ce-82b9-cbaff1617fc2,2025-12-04,22,140,OTROS GASTOS,OTROS PROVISIONALES,GASTOS_CAJA_UNIDAD,"VERSA 22 2/4 RODAJE, BOCAMASA, PALIER Y GRASA · Excel GASTOS fila 5506 [origen gastos_caja id=5490]","otros gastos | otros provisionales | gastos_provisionales | otros provisionales | versa 22 2/4 rodaje, bocamasa, palier y grasa · excel gastos fila 5506 [origen gastos_caja id=5490] | gastos_caja_unidad | efectivo | traslado desde gastos_caja (script mover_gastos_caja_a_vehiculo)",operativo_vehiculo,motor
434977d8-fa3e-40d6-b772-be7d6192d500,2025-11-04,18,150,OTROS GASTOS,OTROS PROVISIONALES,GASTOS_CAJA_UNIDAD,VERSA 18 AFINAMEINTO ELECTRONICO · Excel GASTOS fila 5344 [origen gastos_caja id=5328],otros gastos | otros provisionales | gastos_provisionales | otros provisionales | versa 18 afinameinto electronico · excel gastos fila 5344 [origen gastos_caja id=5328] | gastos_caja_unidad | efectivo | traslado desde gastos_caja (script mover_gastos_caja_a_vehiculo),operativo_vehiculo,motor
72c2a5cb-443e-42ee-9f6f-e6ee159b2f52,2025-11-04,39,180,OTROS GASTOS,OTROS PROVISIONALES,GASTOS_CAJA_UNIDAD,VERSA 39 CAMBIO DE RODAJE POSTERIOR IZQUIERDO · Excel GASTOS fila 5406 [origen gastos_caja id=5390],otros gastos | otros provisionales | gastos_provisionales | otros provisionales | versa 39 cambio de rodaje posterior izquierdo · excel gastos fila 5406 [origen gastos_caja id=5390] | gastos_caja_unidad | efectivo | traslado desde gastos_caja (script mover_gastos_caja_a_vehiculo),operativo_vehiculo,motor
b84bd58d-de99-4fb1-b22e-49022e5679cc,2025-11-04,49,180,OTROS GASTOS,OTROS PROVISIONALES,GASTOS_CAJA_UNIDAD,VERSA 49 CAMBIO DE RODAJE POSTERIOR DERECHO · Excel GASTOS fila 5410 [origen gastos_caja id=5394],otros gastos | otros provisionales | gastos_provisionales | otros provisionales | versa 49 cambio de rodaje posterior derecho · excel gastos fila 5410 [origen gastos_caja id=5394] | gastos_caja_unidad | efectivo | traslado desde gastos_caja (script mover_gastos_caja_a_vehiculo),operativo_vehiculo,motor
91caa34d-6dca-4701-8872-ee51fa2adcc6,2025-11-04,38,15,OTROS GASTOS,OTROS PROVISIONALES,GASTOS_CAJA_UNIDAD,VERSA 38 CORREGIR TUBO DE ESCAPE · Excel GASTOS fila 5412 [origen gastos_caja id=5396],otros gastos | otros provisionales | gastos_provisionales | otros provisionales | versa 38 corregir tubo de escape · excel gastos fila 5412 [origen gastos_caja id=5396] | gastos_caja_unidad | efectivo | traslado desde gastos_caja (script mover_gastos_caja_a_vehiculo),operativo_vehiculo,motor
30cbfb89-0589-4e74-af8c-d2d49c6647eb,2025-11-04,50,180,OTROS GASTOS,OTROS PROVISIONALES,GASTOS_CAJA_UNIDAD,VERSA 50 CAMBIO DE RODAJE POSTERIOR IZQUIERDO · Excel GASTOS fila 5413 [origen gastos_caja id=5397],otros gastos | otros provisionales | gastos_provisionales | otros provisionales | versa 50 cambio de rodaje posterior izquierdo · excel gastos fila 5413 [origen gastos_caja id=5397] | gastos_caja_unidad | efectivo | traslado desde gastos_caja (script mover_gastos_caja_a_vehiculo),operativo_vehiculo,motor
e2ca67d4-d1cf-4d47-8e3b-4e3e8d295253,2025-11-04,49,170,OTROS GASTOS,OTROS PROVISIONALES,GASTOS_CAJA_UNIDAD,VERSA 49 SUPLES Y MOD POR PUENTE (NUEVO PUENTE PAGA DANEIL ) · Excel GASTOS fila 5415 [origen gastos_caja id=5399],otros gastos | otros provisionales | gastos_provisionales | otros provisionales | versa 49 suples y mod por puente (nuevo puente paga daneil ) · excel gastos fila 5415 [origen gastos_caja id=5399] | gastos_caja_unidad | efectivo | traslado desde gastos_caja (script mover_gastos_caja_a_vehiculo),operativo_vehiculo,motor
7ef8706d-72ac-4dc2-924c-acbeff69c3f8,2025-12-04,12,280,OTROS GASTOS,OTROS PROVISIONALES,GASTOS_CAJA_UNIDAD,"RIO 12 4/7 REC. CULATA , KIT EMPAQUE, CAñERIAS DE MOTOR AGUA · Excel GASTOS fila 5489 [origen gastos_caja id=5473]","otros gastos | otros provisionales | gastos_provisionales | otros provisionales | rio 12 4/7 rec. culata , kit empaque, canerias de motor agua · excel gastos fila 5489 [origen gastos_caja id=5473] | gastos_caja_unidad | efectivo | traslado desde gastos_caja (script mover_gastos_caja_a_vehiculo)",operativo_vehiculo,motor
a997d4d1-b273-4442-a103-82f8c7ccf061,2025-12-04,19,150,OTROS GASTOS,OTROS PROVISIONALES,GASTOS_CAJA_UNIDAD,VERSA 19 1/4  4 INYECTORES + EMPAQUE Y 1 CAÑA · Excel GASTOS fila 5527 [origen gastos_caja id=5511],otros gastos | otros provisionales | gastos_provisionales | otros provisionales | versa 19 1/4 4 inyectores + empaque y 1 cana · excel gastos fila 5527 [origen gastos_caja id=5511] | gastos_caja_unidad | efectivo | traslado desde gastos_caja (script mover_gastos_caja_a_vehiculo),operativo_vehiculo,motor
eaedf7c3-c8aa-4253-9ade-1e2a9050529a,2025-12-04,14,50,OTROS GASTOS,OTROS PROVISIONALES,GASTOS_CAJA_UNIDAD,RIO 14 1/2 EMPAQUE TAPA DE BALANCINES MAS SILICONA MOD · Excel GASTOS fila 5531 [origen gastos_caja id=5515],otros gastos | otros provisionales | gastos_provisionales | otros provisionales | rio 14 1/2 empaque tapa de balancines mas silicona mod · excel gastos fila 5531 [origen gastos_caja id=5515] | gastos_caja_unidad | efectivo | traslado desde gastos_caja (script mover_gastos_caja_a_vehiculo),operativo_vehiculo,motor
0188d26e-0316-4e2a-a008-256d3b8d184a,2025-12-04,49,420,OTROS GASTOS,OTROS PROVISIONALES,GASTOS_CAJA_UNIDAD,VERSA 49 1/7 MOTOR ARREGLO · Excel GASTOS fila 5532 [origen gastos_caja id=5516],otros gastos | otros provisionales | gastos_provisionales | otros provisionales | versa 49 1/7 motor arreglo · excel gastos fila 5532 [origen gastos_caja id=5516] | gastos_caja_unidad | efectivo | traslado desde gastos_caja (script mover_gastos_caja_a_vehiculo),operativo_vehiculo,motor
7212bf1f-34ea-451b-93af-f51b6b3f3422,2025-12-04,15,100,OTROS GASTOS,OTROS PROVISIONALES,GASTOS_CAJA_UNIDAD,YARIS 15 1/2 INYECTOR MAS MOD · Excel GASTOS fila 5534 [origen gastos_caja id=5518],otros gastos | otros provisionales | gastos_provisionales | otros provisionales | yaris 15 1/2 inyector mas mod · excel gastos fila 5534 [origen gastos_caja id=5518] | gastos_caja_unidad | efectivo | traslado desde gastos_caja (script mover_gastos_caja_a_vehiculo),operativo_vehiculo,motor
c91d41c5-748b-4786-a4c0-45a0403f71a4,2025-12-04,39,200,OTROS GASTOS,OTROS PROVISIONALES,GASTOS_CAJA_UNIDAD,VERSA 39 1/4  CAMBIO DE RODAJE POSTERIOR IZQUIERDO · Excel GASTOS fila 5539 [origen gastos_caja id=5523],otros gastos | otros provisionales | gastos_provisionales | otros provisionales | versa 39 1/4 cambio de rodaje posterior izquierdo · excel gastos fila 5539 [origen gastos_caja id=5523] | gastos_caja_unidad | efectivo | traslado desde gastos_caja (script mover_gastos_caja_a_vehiculo),operativo_vehiculo,motor
d2d9b280-5572-41ef-b75c-5b8d3306c165,2025-12-04,72,20,OTROS GASTOS,OTROS PROVISIONALES,GASTOS_CAJA_UNIDAD,VERSA 72 ORINES DE INYECTORES · Excel GASTOS fila 5550 [origen gastos_caja id=5534],otros gastos | otros provisionales | gastos_provisionales | otros provisionales | versa 72 orines de inyectores · excel gastos fila 5550 [origen gastos_caja id=5534] | gastos_caja_unidad | efectivo | traslado desde gastos_caja (script mover_gastos_caja_a_vehiculo),operativo_vehiculo,motor
08243108-49c3-4304-a232-02e758d9d973,2025-12-04,12,70,OTROS GASTOS,OTROS PROVISIONALES,GASTOS_CAJA_UNIDAD,RIO 12 BUJAIS NUEVAS · Excel GASTOS fila 5562 [origen gastos_caja id=5546],otros gastos | otros provisionales | gastos_provisionales | otros provisionales | rio 12 bujais nuevas · excel gastos fila 5562 [origen gastos_caja id=5546] | gastos_caja_unidad | efectivo | traslado desde gastos_caja (script mover_gastos_caja_a_vehiculo),operativo_vehiculo,motor
6642fb3a-cc75-4334-bf42-bab5ab302c15,2025-12-04,77,15,OTROS GASTOS,OTROS PROVISIONALES,GASTOS_CAJA_UNIDAD,SOLUTO 77 ARREGLO ALARMA · Excel GASTOS fila 5576 [origen gastos_caja id=5560],otros gastos | otros provisionales | gastos_provisionales | otros provisionales | soluto 77 arreglo alarma · excel gastos fila 5576 [origen gastos_caja id=5560] | gastos_caja_unidad | efectivo | traslado desde gastos_caja (script mover_gastos_caja_a_vehiculo),operativo_vehiculo,motor
92bc79f0-c1d5-4a6b-b288-a1b188117507,2026-01-06,23,150,OTROS GASTOS,OTROS PROVISIONALES,GASTOS_CAJA_UNIDAD,VERSA 23 ARREGLO PUERTA PINTOR WILLY · Excel GASTOS fila 5792 [origen gastos_caja id=5776],otros gastos | otros provisionales | gastos_provisionales | otros provisionales | versa 23 arreglo puerta pintor willy · excel gastos fila 5792 [origen gastos_caja id=5776] | gastos_caja_unidad | efectivo | traslado desde gastos_caja (script mover_gastos_caja_a_vehiculo),operativo_vehiculo,motor
8fca4367-0555-4039-859e-c4d7656b082f,2026-01-06,23,14,OTROS GASTOS,OTROS PROVISIONALES,GASTOS_CAJA_UNIDAD,VERSA 23 GAS · Excel GASTOS fila 5793 [origen gastos_caja id=5777],otros gastos | otros provisionales | gastos_provisionales | otros provisionales | versa 23 gas · excel gastos fila 5793 [origen gastos_caja id=5777] | gastos_caja_unidad | efectivo | traslado desde gastos_caja (script mover_gastos_caja_a_vehiculo),operativo_vehiculo,motor
514d832e-d737-460b-bfc4-1880a90f076f,2026-01-06,22,140,OTROS GASTOS,OTROS PROVISIONALES,GASTOS_CAJA_UNIDAD,"VERSA 22 3/4 RODAJE, BOCAMASA, PALIER Y GRASA · Excel GASTOS fila 5715 [origen gastos_caja id=5699]","otros gastos | otros provisionales | gastos_provisionales | otros provisionales | versa 22 3/4 rodaje, bocamasa, palier y grasa · excel gastos fila 5715 [origen gastos_caja id=5699] | gastos_caja_unidad | efectivo | traslado desde gastos_caja (script mover_gastos_caja_a_vehiculo)",operativo_vehiculo,motor
52e5fff3-f8b3-4484-8e3f-719ec0d94484,2026-01-06,19,150,OTROS GASTOS,OTROS PROVISIONALES,GASTOS_CAJA_UNIDAD,VERSA 19 2/4  4 INYECTORES + EMPAQUE Y 1 CAÑA · Excel GASTOS fila 5723 [origen gastos_caja id=5707],otros gastos | otros provisionales | gastos_provisionales | otros provisionales | versa 19 2/4 4 inyectores + empaque y 1 cana · excel gastos fila 5723 [origen gastos_caja id=5707] | gastos_caja_unidad | efectivo | traslado desde gastos_caja (script mover_gastos_caja_a_vehiculo),operativo_vehiculo,motor
e248fe20-d248-4009-99b5-88037aa6e7a4,2026-01-06,14,60,OTROS GASTOS,OTROS PROVISIONALES,GASTOS_CAJA_UNIDAD,RIO 14 2/2 EMPAQUE TAPA DE BALANCINES MAS SILICONA MOD · Excel GASTOS fila 5727 [origen gastos_caja id=5711],otros gastos | otros provisionales | gastos_provisionales | otros provisionales | rio 14 2/2 empaque tapa de balancines mas silicona mod · excel gastos fila 5727 [origen gastos_caja id=5711] | gastos_caja_unidad | efectivo | traslado desde gastos_caja (script mover_gastos_caja_a_vehiculo),operativo_vehiculo,motor
ea15bb91-2aa3-41c0-a8ba-6b61873ac830,2026-01-06,19,420,OTROS GASTOS,OTROS PROVISIONALES,GASTOS_CAJA_UNIDAD,VERSA 19 2/7 MOTOR ARREGLO · Excel GASTOS fila 5728 [origen gastos_caja id=5712],otros gastos | otros provisionales | gastos_provisionales | otros provisionales | versa 19 2/7 motor arreglo · excel gastos fila 5728 [origen gastos_caja id=5712] | gastos_caja_unidad | efectivo | traslado desde gastos_caja (script mover_gastos_caja_a_vehiculo),operativo_vehiculo,motor
e68d9dcf-4598-4286-999e-092961342c1f,2026-01-06,15,100,OTROS GASTOS,OTROS PROVISIONALES,GASTOS_CAJA_UNIDAD,YARIS 15 2/2 INYECTOR MAS MOD · Excel GASTOS fila 5730 [origen gastos_caja id=5714],otros gastos | otros provisionales | gastos_provisionales | otros provisionales | yaris 15 2/2 inyector mas mod · excel gastos fila 5730 [origen gastos_caja id=5714] | gastos_caja_unidad | efectivo | traslado desde gastos_caja (script mover_gastos_caja_a_vehiculo),operativo_vehiculo,motor
8d8f7b9c-13ab-4e33-8ef1-b2df03de3f73,2026-01-06,11,210,OTROS GASTOS,OTROS PROVISIONALES,GASTOS_CAJA_UNIDAD,RIO 11 1/6 REC CULATA Y MAS · Excel GASTOS fila 5744 [origen gastos_caja id=5728],otros gastos | otros provisionales | gastos_provisionales | otros provisionales | rio 11 1/6 rec culata y mas · excel gastos fila 5744 [origen gastos_caja id=5728] | gastos_caja_unidad | efectivo | traslado desde gastos_caja (script mover_gastos_caja_a_vehiculo),operativo_vehiculo,motor
d92dceb3-5fec-45be-8149-5aae42981283,2026-01-06,30,70,OTROS GASTOS,OTROS PROVISIONALES,GASTOS_CAJA_UNIDAD,VERSA 30 1/2 LIMPIEZA OBTURADOR Y ELECTRONICO ARREGLO · Excel GASTOS fila 5751 [origen gastos_caja id=5735],otros gastos | otros provisionales | gastos_provisionales | otros provisionales | versa 30 1/2 limpieza obturador y electronico arreglo · excel gastos fila 5751 [origen gastos_caja id=5735] | gastos_caja_unidad | efectivo | traslado desde gastos_caja (script mover_gastos_caja_a_vehiculo),operativo_vehiculo,motor
e561c328-9c28-477e-8d9f-157add86cb1d,2026-01-06,23,230,OTROS GASTOS,OTROS PROVISIONALES,GASTOS_CAJA_UNIDAD,VERSA 23 PARABRISAS · Excel GASTOS fila 5796 [origen gastos_caja id=5780],otros gastos | otros provisionales | gastos_provisionales | otros provisionales | versa 23 parabrisas · excel gastos fila 5796 [origen gastos_caja id=5780] | gastos_caja_unidad | efectivo | traslado desde gastos_caja (script mover_gastos_caja_a_vehiculo),operativo_vehiculo,motor
30f303de-dea8-4bd5-a9a9-61774a5ad1fd,2025-11-24,77,220,OTROS GASTOS,OTROS PROVISIONALES,GASTOS_CAJA_UNIDAD,SOLUTO 77 cambio de resorte posterior 160 servicio 60 · Excel GASTOS fila 5850 [origen gastos_caja id=5834],otros gastos | otros provisionales | gastos_provisionales | otros provisionales | soluto 77 cambio de resorte posterior 160 servicio 60 · excel gastos fila 5850 [origen gastos_caja id=5834] | gastos_caja_unidad | efectivo | traslado desde gastos_caja (script mover_gastos_caja_a_vehiculo),operativo_vehiculo,motor
6e340129-26f9-45d3-840e-8fa4fd288dfb,2025-12-08,19,130,OTROS GASTOS,OTROS PROVISIONALES,GASTOS_CAJA_UNIDAD,VERSA 19 rellenar la araña lado derecho 60 regulación de freno posterior más servicio 70 · Excel GASTOS fila 5854 [origen gastos_caja id=5838],otros gastos | otros provisionales | gastos_provisionales | otros provisionales | versa 19 rellenar la arana lado derecho 60 regulacion de freno posterior mas servicio 70 · excel gastos fila 5854 [origen gastos_caja id=5838] | gastos_caja_unidad | efectivo | traslado desde gastos_caja (script mover_gastos_caja_a_vehiculo),operativo_vehiculo,frenos
58443701-5c3d-4785-bc32-dd47c996805d,2025-12-18,75,110,OTROS GASTOS,OTROS PROVISIONALES,GASTOS_CAJA_UNIDAD,VERSA 75  colocar suples posterior 50 servicio 60 · Excel GASTOS fila 5860 [origen gastos_caja id=5844],otros gastos | otros provisionales | gastos_provisionales | otros provisionales | versa 75 colocar suples posterior 50 servicio 60 · excel gastos fila 5860 [origen gastos_caja id=5844] | gastos_caja_unidad | efectivo | traslado desde gastos_caja (script mover_gastos_caja_a_vehiculo),operativo_vehiculo,motor
8688f746-a290-4ab4-a18a-cbdb5987f3ea,2025-12-20,10,260,OTROS GASTOS,OTROS PROVISIONALES,GASTOS_CAJA_UNIDAD,RIO 10 cambio de soporte de motor 220 servicio 40 · Excel GASTOS fila 5861 [origen gastos_caja id=5845],otros gastos | otros provisionales | gastos_provisionales | otros provisionales | rio 10 cambio de soporte de motor 220 servicio 40 · excel gastos fila 5861 [origen gastos_caja id=5845] | gastos_caja_unidad | efectivo | traslado desde gastos_caja (script mover_gastos_caja_a_vehiculo),operativo_vehiculo,motor
3a4d2c69-54a6-49fb-957c-70e263077519,2026-01-05,46,260,OTROS GASTOS,OTROS PROVISIONALES,GASTOS_CAJA_UNIDAD,VERSA 46 colocar suples posterior 50 cambio de rodaje posterior derecho 130 servicio 80 · Excel GASTOS fila 5865 [origen gastos_caja id=5849],otros gastos | otros provisionales | gastos_provisionales | otros provisionales | versa 46 colocar suples posterior 50 cambio de rodaje posterior derecho 130 servicio 80 · excel gastos fila 5865 [origen gastos_caja id=5849] | gastos_caja_unidad | efectivo | traslado desde gastos_caja (script mover_gastos_caja_a_vehiculo),operativo_vehiculo,motor
bae05a51-ae99-4b41-b01e-acf5cd3ec85e,2026-01-06,72,180,OTROS GASTOS,OTROS PROVISIONALES,GASTOS_CAJA_UNIDAD,VERSA 72 cambio de rodaje posterior derecho 180 · Excel GASTOS fila 5866 [origen gastos_caja id=5850],otros gastos | otros provisionales | gastos_provisionales | otros provisionales | versa 72 cambio de rodaje posterior derecho 180 · excel gastos fila 5866 [origen gastos_caja id=5850] | gastos_caja_unidad | efectivo | traslado desde gastos_caja (script mover_gastos_caja_a_vehiculo),operativo_vehiculo,motor
5fa93290-8a88-4fad-b261-8918eab638ae,2026-01-29,63,150,OTROS GASTOS,OTROS PROVISIONALES,GASTOS_CAJA_UNIDAD,VERSA 63 PERMISO EJECUTIVO · Excel GASTOS fila 5875 [origen gastos_caja id=5859],otros gastos | otros provisionales | gastos_provisionales | otros provisionales | versa 63 permiso ejecutivo · excel gastos fila 5875 [origen gastos_caja id=5859] | gastos_caja_unidad | efectivo | traslado desde gastos_caja (script mover_gastos_caja_a_vehiculo),operativo_vehiculo,motor
08472696-b1c0-4134-a48d-d3e91224de79,2026-02-04,22,130,OTROS GASTOS,OTROS PROVISIONALES,GASTOS_CAJA_UNIDAD,"VERSA 22 4/4 RODAJE, BOCAMASA, PALIER Y GRASA · Excel GASTOS fila 5953 [origen gastos_caja id=5937]","otros gastos | otros provisionales | gastos_provisionales | otros provisionales | versa 22 4/4 rodaje, bocamasa, palier y grasa · excel gastos fila 5953 [origen gastos_caja id=5937] | gastos_caja_unidad | efectivo | traslado desde gastos_caja (script mover_gastos_caja_a_vehiculo)",operativo_vehiculo,motor
cc091d8f-4d9b-4004-ba21-3adc71b05f20,2026-02-04,19,150,OTROS GASTOS,OTROS PROVISIONALES,GASTOS_CAJA_UNIDAD,VERSA 19 3/4  4 INYECTORES + EMPAQUE Y 1 CAÑA · Excel GASTOS fila 5960 [origen gastos_caja id=5944],otros gastos | otros provisionales | gastos_provisionales | otros provisionales | versa 19 3/4 4 inyectores + empaque y 1 cana · excel gastos fila 5960 [origen gastos_caja id=5944] | gastos_caja_unidad | efectivo | traslado desde gastos_caja (script mover_gastos_caja_a_vehiculo),operativo_vehiculo,motor
cea46abd-62a0-46f4-9cf0-60082572bc7c,2026-02-04,19,420,OTROS GASTOS,OTROS PROVISIONALES,GASTOS_CAJA_UNIDAD,VERSA 19 3/7 MOTOR ARREGLO · Excel GASTOS fila 5964 [origen gastos_caja id=5948],otros gastos | otros provisionales | gastos_provisionales | otros provisionales | versa 19 3/7 motor arreglo · excel gastos fila 5964 [origen gastos_caja id=5948] | gastos_caja_unidad | efectivo | traslado desde gastos_caja (script mover_gastos_caja_a_vehiculo),operativo_vehiculo,motor
9c5e3410-40c4-4c2b-acf9-dd2481db71e6,2026-02-04,11,210,OTROS GASTOS,OTROS PROVISIONALES,GASTOS_CAJA_UNIDAD,RIO 11 2/6 REC CULATA Y MAS · Excel GASTOS fila 5975 [origen gastos_caja id=5959],otros gastos | otros provisionales | gastos_provisionales | otros provisionales | rio 11 2/6 rec culata y mas · excel gastos fila 5975 [origen gastos_caja id=5959] | gastos_caja_unidad | efectivo | traslado desde gastos_caja (script mover_gastos_caja_a_vehiculo),operativo_vehiculo,motor
c7d2ff5f-b7fd-47c9-ba85-1aebd1425624,2026-03-05,64,100,OTROS GASTOS,OTROS PROVISIONALES,GASTOS_CAJA_UNIDAD,VERSA 64 2/2 RODAJE · Excel GASTOS fila 6169 [origen gastos_caja id=6153],otros gastos | otros provisionales | gastos_provisionales | otros provisionales | versa 64 2/2 rodaje · excel gastos fila 6169 [origen gastos_caja id=6153] | gastos_caja_unidad | efectivo | traslado desde gastos_caja (script mover_gastos_caja_a_vehiculo),operativo_vehiculo,motor
15fb72ed-ea9e-475b-8718-463faffbbeac,2026-02-04,30,70,OTROS GASTOS,OTROS PROVISIONALES,GASTOS_CAJA_UNIDAD,VERSA 30 2/2 LIMPIEZA OBTURADOR Y ELECTRONICO ARREGLO · Excel GASTOS fila 5982 [origen gastos_caja id=5966],otros gastos | otros provisionales | gastos_provisionales | otros provisionales | versa 30 2/2 limpieza obturador y electronico arreglo · excel gastos fila 5982 [origen gastos_caja id=5966] | gastos_caja_unidad | efectivo | traslado desde gastos_caja (script mover_gastos_caja_a_vehiculo),operativo_vehiculo,motor
6843667f-d198-4d66-b054-73a922a6f0c5,2026-02-04,64,105,OTROS GASTOS,OTROS PROVISIONALES,GASTOS_CAJA_UNIDAD,VERSA 64 1/2 RODAJE · Excel GASTOS fila 5985 [origen gastos_caja id=5969],otros gastos | otros provisionales | gastos_provisionales | otros provisionales | versa 64 1/2 rodaje · excel gastos fila 5985 [origen gastos_caja id=5969] | gastos_caja_unidad | efectivo | traslado desde gastos_caja (script mover_gastos_caja_a_vehiculo),operativo_vehiculo,motor
f7cca53e-23ba-4b2c-9595-d27f6fcaefc8,2026-02-04,48,20,OTROS GASTOS,OTROS PROVISIONALES,GASTOS_CAJA_UNIDAD,VERSA 48 ORINES INYECTORES · Excel GASTOS fila 6005 [origen gastos_caja id=5989],otros gastos | otros provisionales | gastos_provisionales | otros provisionales | versa 48 orines inyectores · excel gastos fila 6005 [origen gastos_caja id=5989] | gastos_caja_unidad | efectivo | traslado desde gastos_caja (script mover_gastos_caja_a_vehiculo),operativo_vehiculo,motor
3b8feb29-2b28-4f66-9798-15dbabcddee1,2026-02-04,22,30,OTROS GASTOS,OTROS PROVISIONALES,GASTOS_CAJA_UNIDAD,VERSA 22 LIQUIDO FRENO · Excel GASTOS fila 6008 [origen gastos_caja id=5992],otros gastos | otros provisionales | gastos_provisionales | otros provisionales | versa 22 liquido freno · excel gastos fila 6008 [origen gastos_caja id=5992] | gastos_caja_unidad | efectivo | traslado desde gastos_caja (script mover_gastos_caja_a_vehiculo),operativo_vehiculo,frenos
35e8adc1-bae7-46a4-b056-85e600292420,2026-02-04,80,30,OTROS GASTOS,OTROS PROVISIONALES,GASTOS_CAJA_UNIDAD,VERNA 80 LIMPIEZA Y REGULACION · Excel GASTOS fila 6066 [origen gastos_caja id=6050],otros gastos | otros provisionales | gastos_provisionales | otros provisionales | verna 80 limpieza y regulacion · excel gastos fila 6066 [origen gastos_caja id=6050] | gastos_caja_unidad | efectivo | traslado desde gastos_caja (script mover_gastos_caja_a_vehiculo),operativo_vehiculo,motor
a920d8aa-4bb4-4631-9b02-4e606cf57943,2026-03-05,19,170,OTROS GASTOS,OTROS PROVISIONALES,GASTOS_CAJA_UNIDAD,VERSA 19 4/4  4 INYECTORES + EMPAQUE Y 1 CAÑA · Excel GASTOS fila 6161 [origen gastos_caja id=6145],otros gastos | otros provisionales | gastos_provisionales | otros provisionales | versa 19 4/4 4 inyectores + empaque y 1 cana · excel gastos fila 6161 [origen gastos_caja id=6145] | gastos_caja_unidad | efectivo | traslado desde gastos_caja (script mover_gastos_caja_a_vehiculo),operativo_vehiculo,motor
325d47c0-c9ff-417c-a4be-770415fdb129,2026-03-05,19,420,OTROS GASTOS,OTROS PROVISIONALES,GASTOS_CAJA_UNIDAD,VERSA 19 4/7 MOTOR ARREGLO · Excel GASTOS fila 6163 [origen gastos_caja id=6147],otros gastos | otros provisionales | gastos_provisionales | otros provisionales | versa 19 4/7 motor arreglo · excel gastos fila 6163 [origen gastos_caja id=6147] | gastos_caja_unidad | efectivo | traslado desde gastos_caja (script mover_gastos_caja_a_vehiculo),operativo_vehiculo,motor
c7b4431b-6bd3-416e-ace4-3da0a56c0efc,2026-03-05,11,210,OTROS GASTOS,OTROS PROVISIONALES,GASTOS_CAJA_UNIDAD,RIO 11 3/6 REC CULATA Y MAS · Excel GASTOS fila 6167 [origen gastos_caja id=6151],otros gastos | otros provisionales | gastos_provisionales | otros provisionales | rio 11 3/6 rec culata y mas · excel gastos fila 6167 [origen gastos_caja id=6151] | gastos_caja_unidad | efectivo | traslado desde gastos_caja (script mover_gastos_caja_a_vehiculo),operativo_vehiculo,motor
55ed7be0-3ae2-48d3-8078-dda3f34d31f0,2026-03-05,11,150,OTROS GASTOS,OTROS PROVISIONALES,GASTOS_CAJA_UNIDAD,RIO 11 1/3 RIEL DE CONECTORES MAS 1 INYECTOR · Excel GASTOS fila 6190 [origen gastos_caja id=6174],otros gastos | otros provisionales | gastos_provisionales | otros provisionales | rio 11 1/3 riel de conectores mas 1 inyector · excel gastos fila 6190 [origen gastos_caja id=6174] | gastos_caja_unidad | efectivo | traslado desde gastos_caja (script mover_gastos_caja_a_vehiculo),operativo_vehiculo,motor
ecba0fb2-afcb-46d8-9ea3-a303316d0ce3,2026-03-05,16,180,OTROS GASTOS,OTROS PROVISIONALES,GASTOS_CAJA_UNIDAD,VERSA 16 1/3  SOPORTE DE CAJA+JUEGO DE CABLES DE PALANCA+ PALANCA +SERV · Excel GASTOS fila 6194 [origen gastos_caja id=6178],otros gastos | otros provisionales | gastos_provisionales | otros provisionales | versa 16 1/3 soporte de caja+juego de cables de palanca+ palanca +serv · excel gastos fila 6194 [origen gastos_caja id=6178] | gastos_caja_unidad | efectivo | traslado desde gastos_caja (script mover_gastos_caja_a_vehiculo),operativo_vehiculo,motor
d4b379f0-0baf-4e96-97f9-77f8759e536e,2026-02-24,53,90,OTROS GASTOS,OTROS PROVISIONALES,GASTOS_CAJA_UNIDAD,versa 53 2 bieletas · Excel GASTOS fila 6259 [origen gastos_caja id=6243],otros gastos | otros provisionales | gastos_provisionales | otros provisionales | versa 53 2 bieletas · excel gastos fila 6259 [origen gastos_caja id=6243] | gastos_caja_unidad | efectivo | traslado desde gastos_caja (script mover_gastos_caja_a_vehiculo),operativo_vehiculo,motor
d41dde82-060d-40e5-82e2-a6469f5b138d,2026-04-07,63,30,OTROS GASTOS,OTROS PROVISIONALES,GASTOS_CAJA_UNIDAD,VERSA 63 ORINES DE INYECTORES · Excel GASTOS fila 6469 [origen gastos_caja id=6452],otros gastos | otros provisionales | gastos_provisionales | otros provisionales | versa 63 orines de inyectores · excel gastos fila 6469 [origen gastos_caja id=6452] | gastos_caja_unidad | efectivo | traslado desde gastos_caja (script mover_gastos_caja_a_vehiculo),operativo_vehiculo,motor
59541ca3-5a97-4bd9-a9e4-aee9f3302b03,2026-04-07,64,70,OTROS GASTOS,OTROS PROVISIONALES,GASTOS_CAJA_UNIDAD,VERSA 64 BUJAIS MOD Y ESCANEO · Excel GASTOS fila 6475 [origen gastos_caja id=6458],otros gastos | otros provisionales | gastos_provisionales | otros provisionales | versa 64 bujais mod y escaneo · excel gastos fila 6475 [origen gastos_caja id=6458] | gastos_caja_unidad | efectivo | traslado desde gastos_caja (script mover_gastos_caja_a_vehiculo),operativo_vehiculo,motor
53d22bfa-7173-4b2a-beac-138ccf7dd3d1,2026-03-06,36,180,OTROS GASTOS,OTROS PROVISIONALES,GASTOS_CAJA_UNIDAD,VERSA  36 CAMBIO INYECTORES GAS · Excel GASTOS fila 6317 [origen gastos_caja id=6300],otros gastos | otros provisionales | gastos_provisionales | otros provisionales | versa 36 cambio inyectores gas · excel gastos fila 6317 [origen gastos_caja id=6300] | gastos_caja_unidad | efectivo | traslado desde gastos_caja (script mover_gastos_caja_a_vehiculo),operativo_vehiculo,motor
e7ab3635-28d6-4226-8b32-1a5ff330c3ff,2026-03-30,31,180,OTROS GASTOS,OTROS PROVISIONALES,GASTOS_CAJA_UNIDAD,VERSA 31 BHQ 263 cambio de rodaje posterior izquierdo 180 · Excel GASTOS fila 6326 [origen gastos_caja id=6309],otros gastos | otros provisionales | gastos_provisionales | otros provisionales | versa 31 bhq 263 cambio de rodaje posterior izquierdo 180 · excel gastos fila 6326 [origen gastos_caja id=6309] | gastos_caja_unidad | efectivo | traslado desde gastos_caja (script mover_gastos_caja_a_vehiculo),operativo_vehiculo,motor
35816137-a8cd-471c-b38a-cc85c43f9009,2026-03-30,46,180,OTROS GASTOS,OTROS PROVISIONALES,GASTOS_CAJA_UNIDAD,VERSA 46  BME 305 cambio de rodaje posterior 180 · Excel GASTOS fila 6327 [origen gastos_caja id=6310],otros gastos | otros provisionales | gastos_provisionales | otros provisionales | versa 46 bme 305 cambio de rodaje posterior 180 · excel gastos fila 6327 [origen gastos_caja id=6310] | gastos_caja_unidad | efectivo | traslado desde gastos_caja (script mover_gastos_caja_a_vehiculo),operativo_vehiculo,motor
3fb58614-d8f4-4448-afce-265f60f912ba,2026-03-30,43,90,OTROS GASTOS,OTROS PROVISIONALES,GASTOS_CAJA_UNIDAD,VERSA 43 CHQ 656 rectificar los discos de freno 40 regulación de freno posterior y servicio 50 · Excel GASTOS fila 6329 [origen gastos_caja id=6312],otros gastos | otros provisionales | gastos_provisionales | otros provisionales | versa 43 chq 656 rectificar los discos de freno 40 regulacion de freno posterior y servicio 50 · excel gastos fila 6329 [origen gastos_caja id=6312] | gastos_caja_unidad | efectivo | traslado desde gastos_caja (script mover_gastos_caja_a_vehiculo),operativo_vehiculo,frenos
3877c0e9-1d58-4cdc-8bfb-25c869ba850d,2026-03-30,26,180,OTROS GASTOS,OTROS PROVISIONALES,GASTOS_CAJA_UNIDAD,VERSA 26  BJM 588 cambio de rodaje posterior izquierdo y regulación de freno 180 · Excel GASTOS fila 6332 [origen gastos_caja id=6315],otros gastos | otros provisionales | gastos_provisionales | otros provisionales | versa 26 bjm 588 cambio de rodaje posterior izquierdo y regulacion de freno 180 · excel gastos fila 6332 [origen gastos_caja id=6315] | gastos_caja_unidad | efectivo | traslado desde gastos_caja (script mover_gastos_caja_a_vehiculo),operativo_vehiculo,frenos
eba823c8-6ac3-4e0f-8d0a-cfd1ff58b1a2,2026-03-30,48,240,OTROS GASTOS,OTROS PROVISIONALES,GASTOS_CAJA_UNIDAD,VERSA 48  BTA 399 cambio de resortes posterior y regulación de freno 160 y servicio 80 · Excel GASTOS fila 6334 [origen gastos_caja id=6317],otros gastos | otros provisionales | gastos_provisionales | otros provisionales | versa 48 bta 399 cambio de resortes posterior y regulacion de freno 160 y servicio 80 · excel gastos fila 6334 [origen gastos_caja id=6317] | gastos_caja_unidad | efectivo | traslado desde gastos_caja (script mover_gastos_caja_a_vehiculo),operativo_vehiculo,frenos
760671a4-5641-41f8-976a-d2fe16d4a340,2026-03-30,75,20,OTROS GASTOS,OTROS PROVISIONALES,GASTOS_CAJA_UNIDAD,VERSA 75 BUK 151 regulación de freno posterior 20 · Excel GASTOS fila 6336 [origen gastos_caja id=6319],otros gastos | otros provisionales | gastos_provisionales | otros provisionales | versa 75 buk 151 regulacion de freno posterior 20 · excel gastos fila 6336 [origen gastos_caja id=6319] | gastos_caja_unidad | efectivo | traslado desde gastos_caja (script mover_gastos_caja_a_vehiculo),operativo_vehiculo,frenos
772d4e26-ebf6-4e49-813a-0375c7e95727,2026-03-30,26,80,OTROS GASTOS,OTROS PROVISIONALES,GASTOS_CAJA_UNIDAD,VERSA 26 BJM 588 revisar fugas de líquido de frenos un líquido de freno 20 servicio 60 · Excel GASTOS fila 6340 [origen gastos_caja id=6323],otros gastos | otros provisionales | gastos_provisionales | otros provisionales | versa 26 bjm 588 revisar fugas de liquido de frenos un liquido de freno 20 servicio 60 · excel gastos fila 6340 [origen gastos_caja id=6323] | gastos_caja_unidad | efectivo | traslado desde gastos_caja (script mover_gastos_caja_a_vehiculo),operativo_vehiculo,frenos
30cad86d-9bfc-49f2-b5cf-e6ff7cb1d50b,2026-03-30,17,180,OTROS GASTOS,OTROS PROVISIONALES,GASTOS_CAJA_UNIDAD,VERSA  17 AWM 290 cambio de rodaje posterior derecho 180 · Excel GASTOS fila 6341 [origen gastos_caja id=6324],otros gastos | otros provisionales | gastos_provisionales | otros provisionales | versa 17 awm 290 cambio de rodaje posterior derecho 180 · excel gastos fila 6341 [origen gastos_caja id=6324] | gastos_caja_unidad | efectivo | traslado desde gastos_caja (script mover_gastos_caja_a_vehiculo),operativo_vehiculo,motor
29f24816-f3f7-4c2f-9463-056f5012c3fb,2026-04-07,19,420,OTROS GASTOS,OTROS PROVISIONALES,GASTOS_CAJA_UNIDAD,VERSA 19 5/7 MOTOR ARREGLO · Excel GASTOS fila 6418 [origen gastos_caja id=6401],otros gastos | otros provisionales | gastos_provisionales | otros provisionales | versa 19 5/7 motor arreglo · excel gastos fila 6418 [origen gastos_caja id=6401] | gastos_caja_unidad | efectivo | traslado desde gastos_caja (script mover_gastos_caja_a_vehiculo),operativo_vehiculo,motor
98e98645-5baa-4d79-a0a4-4c401c9f3358,2026-04-07,11,220,OTROS GASTOS,OTROS PROVISIONALES,GASTOS_CAJA_UNIDAD,RIO 11 4/6 REC CULATA Y MAS · Excel GASTOS fila 6420 [origen gastos_caja id=6403],otros gastos | otros provisionales | gastos_provisionales | otros provisionales | rio 11 4/6 rec culata y mas · excel gastos fila 6420 [origen gastos_caja id=6403] | gastos_caja_unidad | efectivo | traslado desde gastos_caja (script mover_gastos_caja_a_vehiculo),operativo_vehiculo,motor
e49a2b6e-a155-4fd4-af22-a70db7e9a9f4,2026-04-07,11,150,OTROS GASTOS,OTROS PROVISIONALES,GASTOS_CAJA_UNIDAD,RIO 11 2/3 RIEL DE CONECTORES MAS 1 INYECTOR · Excel GASTOS fila 6435 [origen gastos_caja id=6418],otros gastos | otros provisionales | gastos_provisionales | otros provisionales | rio 11 2/3 riel de conectores mas 1 inyector · excel gastos fila 6435 [origen gastos_caja id=6418] | gastos_caja_unidad | efectivo | traslado desde gastos_caja (script mover_gastos_caja_a_vehiculo),operativo_vehiculo,motor
9187d2c5-9d35-43dd-8f36-e22f72d782a9,2026-04-07,16,180,OTROS GASTOS,OTROS PROVISIONALES,GASTOS_CAJA_UNIDAD,VERSA 16 2/3  SOPORTE DE CAJA+JUEGO DE CABLES DE PALANCA+ PALANCA +SERV · Excel GASTOS fila 6439 [origen gastos_caja id=6422],otros gastos | otros provisionales | gastos_provisionales | otros provisionales | versa 16 2/3 soporte de caja+juego de cables de palanca+ palanca +serv · excel gastos fila 6439 [origen gastos_caja id=6422] | gastos_caja_unidad | efectivo | traslado desde gastos_caja (script mover_gastos_caja_a_vehiculo),operativo_vehiculo,motor
67ba361f-66e0-4ab0-8bcc-9b1483273d58,2026-04-07,27,100,OTROS GASTOS,OTROS PROVISIONALES,GASTOS_CAJA_UNIDAD,VERSA 27 1/2 FLOTADOR MAS MEDIDOR DE GAS MOD · Excel GASTOS fila 6442 [origen gastos_caja id=6425],otros gastos | otros provisionales | gastos_provisionales | otros provisionales | versa 27 1/2 flotador mas medidor de gas mod · excel gastos fila 6442 [origen gastos_caja id=6425] | gastos_caja_unidad | efectivo | traslado desde gastos_caja (script mover_gastos_caja_a_vehiculo),operativo_vehiculo,motor
7aaebd4a-b570-437d-a852-d8f945863a80,2026-04-07,37,20,OTROS GASTOS,OTROS PROVISIONALES,GASTOS_CAJA_UNIDAD,VERSA 37 ORINES DE INYECTORES · Excel GASTOS fila 6453 [origen gastos_caja id=6436],otros gastos | otros provisionales | gastos_provisionales | otros provisionales | versa 37 orines de inyectores · excel gastos fila 6453 [origen gastos_caja id=6436] | gastos_caja_unidad | efectivo | traslado desde gastos_caja (script mover_gastos_caja_a_vehiculo),operativo_vehiculo,motor
c8af2c07-060b-4b2f-9e20-c97eaef9997a,2026-04-07,34,110,OTROS GASTOS,OTROS PROVISIONALES,GASTOS_CAJA_UNIDAD,VERSA 34 LIMP INYECTORES MAS MOD Y ORINES · Excel GASTOS fila 6461 [origen gastos_caja id=6444],otros gastos | otros provisionales | gastos_provisionales | otros provisionales | versa 34 limp inyectores mas mod y orines · excel gastos fila 6461 [origen gastos_caja id=6444] | gastos_caja_unidad | efectivo | traslado desde gastos_caja (script mover_gastos_caja_a_vehiculo),operativo_vehiculo,motor
fa44dae1-89d2-4297-97ce-92e294118d4b,2020-10-07,8,675,OTROS GASTOS,OTROS PROVISIONALES,GASTOS_CAJA_UNIDAD,YARIS 08 · Excel GASTOS fila 95 [origen gastos_caja id=92],otros gastos | otros provisionales | gastos_provisionales | otros provisionales | yaris 08 · excel gastos fila 95 [origen gastos_caja id=92] | gastos_caja_unidad | efectivo | traslado desde gastos_caja (script mover_gastos_caja_a_vehiculo),operativo_vehiculo,motor
0e094e8a-b675-45e4-b501-f2a7e527d3d2,2020-10-12,5,650,OTROS GASTOS,OTROS PROVISIONALES,GASTOS_CAJA_UNIDAD,YARIS 05 ARREGLO MOTOR · Excel GASTOS fila 104 [origen gastos_caja id=101],otros gastos | otros provisionales | gastos_provisionales | otros provisionales | yaris 05 arreglo motor · excel gastos fila 104 [origen gastos_caja id=101] | gastos_caja_unidad | efectivo | traslado desde gastos_caja (script mover_gastos_caja_a_vehiculo),operativo_vehiculo,motor
8556c9cb-1ac3-4a0c-a653-95698ef6cf31,2026-04-06,13,20,OTROS GASTOS,OTROS PROVISIONALES,GASTOS_CAJA_UNIDAD,RIO 13 ARREGLO ASIENTO PILOTO · Excel GASTOS fila 6525 [origen gastos_caja id=6508],otros gastos | otros provisionales | gastos_provisionales | otros provisionales | rio 13 arreglo asiento piloto · excel gastos fila 6525 [origen gastos_caja id=6508] | gastos_caja_unidad | efectivo | traslado desde gastos_caja (script mover_gastos_caja_a_vehiculo),operativo_vehiculo,motor
093faf65-dbb1-4a96-9c79-7bd54840c29b,2026-04-06,70,14,OTROS GASTOS,OTROS PROVISIONALES,GASTOS_CAJA_UNIDAD,VERSA 70 2 ENLALNTES · Excel GASTOS fila 6528 [origen gastos_caja id=6511],otros gastos | otros provisionales | gastos_provisionales | otros provisionales | versa 70 2 enlalntes · excel gastos fila 6528 [origen gastos_caja id=6511] | gastos_caja_unidad | efectivo | traslado desde gastos_caja (script mover_gastos_caja_a_vehiculo),operativo_vehiculo,motor
117465da-b92f-47c4-94fd-08c49c17dcf5,2020-11-06,1,150,OTROS GASTOS,OTROS PROVISIONALES,GASTOS_CAJA_UNIDAD,YARIS 01 SERVICIO · Excel GASTOS fila 130 [origen gastos_caja id=127],otros gastos | otros provisionales | gastos_provisionales | otros provisionales | yaris 01 servicio · excel gastos fila 130 [origen gastos_caja id=127] | gastos_caja_unidad | efectivo | traslado desde gastos_caja (script mover_gastos_caja_a_vehiculo),operativo_vehiculo,motor
3dcbab42-e53e-4aa0-8940-837fbeb1faed,2020-11-21,1,50,OTROS GASTOS,OTROS PROVISIONALES,GASTOS_CAJA_UNIDAD,ARREGLO YARIS 01 · Excel GASTOS fila 146 [origen gastos_caja id=143],otros gastos | otros provisionales | gastos_provisionales | otros provisionales | arreglo yaris 01 · excel gastos fila 146 [origen gastos_caja id=143] | gastos_caja_unidad | efectivo | traslado desde gastos_caja (script mover_gastos_caja_a_vehiculo),operativo_vehiculo,motor
e40fc156-5ef3-4f6f-a4e7-facd4c90c5f1,2020-12-03,4,675,OTROS GASTOS,OTROS PROVISIONALES,GASTOS_CAJA_UNIDAD,YARIS 04 · Excel GASTOS fila 157 [origen gastos_caja id=154],otros gastos | otros provisionales | gastos_provisionales | otros provisionales | yaris 04 · excel gastos fila 157 [origen gastos_caja id=154] | gastos_caja_unidad | efectivo | traslado desde gastos_caja (script mover_gastos_caja_a_vehiculo),operativo_vehiculo,motor
2d2bcb05-cfcd-4700-a2ac-c52207bbb51e,2020-12-03,8,675,OTROS GASTOS,OTROS PROVISIONALES,GASTOS_CAJA_UNIDAD,YARIS 08 · Excel GASTOS fila 159 [origen gastos_caja id=156],otros gastos | otros provisionales | gastos_provisionales | otros provisionales | yaris 08 · excel gastos fila 159 [origen gastos_caja id=156] | gastos_caja_unidad | efectivo | traslado desde gastos_caja (script mover_gastos_caja_a_vehiculo),operativo_vehiculo,motor
7fd3c26a-6c31-4d58-aa7f-f51e3d1a9047,2020-12-07,2,130,OTROS GASTOS,OTROS PROVISIONALES,GASTOS_CAJA_UNIDAD,yaris 02 valvula de presion · Excel GASTOS fila 174 [origen gastos_caja id=171],otros gastos | otros provisionales | gastos_provisionales | otros provisionales | yaris 02 valvula de presion · excel gastos fila 174 [origen gastos_caja id=171] | gastos_caja_unidad | efectivo | traslado desde gastos_caja (script mover_gastos_caja_a_vehiculo),operativo_vehiculo,motor
a6d7c97b-fa84-41fe-bd21-8365ab8d5204,2021-05-05,9,520,OTROS GASTOS,OTROS PROVISIONALES,GASTOS_CAJA_UNIDAD,YARIS 09 · Excel GASTOS fila 252 [origen gastos_caja id=249],otros gastos | otros provisionales | gastos_provisionales | otros provisionales | yaris 09 · excel gastos fila 252 [origen gastos_caja id=249] | gastos_caja_unidad | efectivo | traslado desde gastos_caja (script mover_gastos_caja_a_vehiculo),operativo_vehiculo,motor
08009d1e-dd92-4f15-ad2c-45b172dcc107,2021-05-05,5,260,OTROS GASTOS,OTROS PROVISIONALES,GASTOS_CAJA_UNIDAD,YARIS 05 · Excel GASTOS fila 253 [origen gastos_caja id=250],otros gastos | otros provisionales | gastos_provisionales | otros provisionales | yaris 05 · excel gastos fila 253 [origen gastos_caja id=250] | gastos_caja_unidad | efectivo | traslado desde gastos_caja (script mover_gastos_caja_a_vehiculo),operativo_vehiculo,motor
1375c8c2-8dbc-46b2-a936-1a0461effc64,2021-05-16,1,150,OTROS GASTOS,OTROS PROVISIONALES,GASTOS_CAJA_UNIDAD,ALEJANDRO TECNICO ALARMA Y CLAXON YARIS 01 · Excel GASTOS fila 256 [origen gastos_caja id=253],otros gastos | otros provisionales | gastos_provisionales | otros provisionales | alejandro tecnico alarma y claxon yaris 01 · excel gastos fila 256 [origen gastos_caja id=253] | gastos_caja_unidad | efectivo | traslado desde gastos_caja (script mover_gastos_caja_a_vehiculo),operativo_vehiculo,motor
d4cbb5ba-aeb9-4efc-b764-b4ce8f40973b,2021-06-09,4,100,OTROS GASTOS,OTROS PROVISIONALES,GASTOS_CAJA_UNIDAD,YARIS 04 CENSOR OXIGENO · Excel GASTOS fila 268 [origen gastos_caja id=265],otros gastos | otros provisionales | gastos_provisionales | otros provisionales | yaris 04 censor oxigeno · excel gastos fila 268 [origen gastos_caja id=265] | gastos_caja_unidad | efectivo | traslado desde gastos_caja (script mover_gastos_caja_a_vehiculo),operativo_vehiculo,motor
bbc485f5-a503-4ddc-9f4a-6bc4a6eb8fc2,2021-08-17,7,140,OTROS GASTOS,OTROS PROVISIONALES,GASTOS_CAJA_UNIDAD,YARIS 07 SOPORTE DE MOTOR · Excel GASTOS fila 310 [origen gastos_caja id=306],otros gastos | otros provisionales | gastos_provisionales | otros provisionales | yaris 07 soporte de motor · excel gastos fila 310 [origen gastos_caja id=306] | gastos_caja_unidad | efectivo | traslado desde gastos_caja (script mover_gastos_caja_a_vehiculo),operativo_vehiculo,motor
fc9dea18-429d-4a94-a695-75526f411896,2022-01-06,9,50,OTROS GASTOS,OTROS PROVISIONALES,GASTOS_CAJA_UNIDAD,ESPEJO YARIS 09 ARREGLO · Excel GASTOS fila 442 [origen gastos_caja id=435],otros gastos | otros provisionales | gastos_provisionales | otros provisionales | espejo yaris 09 arreglo · excel gastos fila 442 [origen gastos_caja id=435] | gastos_caja_unidad | efectivo | traslado desde gastos_caja (script mover_gastos_caja_a_vehiculo),operativo_vehiculo,motor
72d237e9-bb64-498f-beaf-1458d544881f,2022-02-09,6,20,OTROS GASTOS,OTROS PROVISIONALES,GASTOS_CAJA_UNIDAD,YARIS 06 BOTON PARA SUBIR VIDRIO LIMPIEZA · Excel GASTOS fila 475 [origen gastos_caja id=468],otros gastos | otros provisionales | gastos_provisionales | otros provisionales | yaris 06 boton para subir vidrio limpieza · excel gastos fila 475 [origen gastos_caja id=468] | gastos_caja_unidad | efectivo | traslado desde gastos_caja (script mover_gastos_caja_a_vehiculo),operativo_vehiculo,motor
52c755d8-9152-4cc6-81e2-87e17b72c25e,2022-02-09,8,90,OTROS GASTOS,OTROS PROVISIONALES,GASTOS_CAJA_UNIDAD,CINTA Y CLAXON YARIS 08 MEDIA CON MM · Excel GASTOS fila 478 [origen gastos_caja id=471],otros gastos | otros provisionales | gastos_provisionales | otros provisionales | cinta y claxon yaris 08 media con mm · excel gastos fila 478 [origen gastos_caja id=471] | gastos_caja_unidad | efectivo | traslado desde gastos_caja (script mover_gastos_caja_a_vehiculo),operativo_vehiculo,motor
b2b6ebe9-5407-4216-a111-e10637c5087d,2022-03-03,4,375,OTROS GASTOS,OTROS PROVISIONALES,GASTOS_CAJA_UNIDAD,YARIS 04 RESTANTE CULATA · Excel GASTOS fila 494 [origen gastos_caja id=487],otros gastos | otros provisionales | gastos_provisionales | otros provisionales | yaris 04 restante culata · excel gastos fila 494 [origen gastos_caja id=487] | gastos_caja_unidad | efectivo | traslado desde gastos_caja (script mover_gastos_caja_a_vehiculo),operativo_vehiculo,motor
94da5c63-2ec2-4290-9a38-e61460eda157,2022-03-03,6,20,OTROS GASTOS,OTROS PROVISIONALES,GASTOS_CAJA_UNIDAD,YARIS 06 ARREGLO FARO · Excel GASTOS fila 496 [origen gastos_caja id=489],otros gastos | otros provisionales | gastos_provisionales | otros provisionales | yaris 06 arreglo faro · excel gastos fila 496 [origen gastos_caja id=489] | gastos_caja_unidad | efectivo | traslado desde gastos_caja (script mover_gastos_caja_a_vehiculo),operativo_vehiculo,motor
26c279f8-3c76-4379-a288-b0beb7b5c32f,2022-03-07,3,340,OTROS GASTOS,OTROS PROVISIONALES,GASTOS_CAJA_UNIDAD,VERSA 03 CAMBIO DISCOS DE FRENO Y MANO DE OBRA · Excel GASTOS fila 500 [origen gastos_caja id=493],otros gastos | otros provisionales | gastos_provisionales | otros provisionales | versa 03 cambio discos de freno y mano de obra · excel gastos fila 500 [origen gastos_caja id=493] | gastos_caja_unidad | efectivo | traslado desde gastos_caja (script mover_gastos_caja_a_vehiculo),operativo_vehiculo,frenos
b5699ca1-b214-44cb-bebf-675c46d370a4,2022-03-24,4,50,OTROS GASTOS,OTROS PROVISIONALES,GASTOS_CAJA_UNIDAD,YARIS 04 ARREGLO BASE AMORTIGUADRO GUMER · Excel GASTOS fila 538 [origen gastos_caja id=531],otros gastos | otros provisionales | gastos_provisionales | otros provisionales | yaris 04 arreglo base amortiguadro gumer · excel gastos fila 538 [origen gastos_caja id=531] | gastos_caja_unidad | efectivo | traslado desde gastos_caja (script mover_gastos_caja_a_vehiculo),operativo_vehiculo,motor
e7e26588-b2e7-47ce-b517-a152b23be69b,2022-05-03,8,60,OTROS GASTOS,OTROS PROVISIONALES,GASTOS_CAJA_UNIDAD,yaris 08 arreglo parachoque delantero · Excel GASTOS fila 588 [origen gastos_caja id=581],otros gastos | otros provisionales | gastos_provisionales | otros provisionales | yaris 08 arreglo parachoque delantero · excel gastos fila 588 [origen gastos_caja id=581] | gastos_caja_unidad | efectivo | traslado desde gastos_caja (script mover_gastos_caja_a_vehiculo),operativo_vehiculo,motor
53f48b9b-722d-428d-b9ff-c977268eae9d,2022-05-04,2,710,OTROS GASTOS,OTROS PROVISIONALES,GASTOS_CAJA_UNIDAD,yaris 02 2da cuota arreglo motor · Excel GASTOS fila 601 [origen gastos_caja id=594],otros gastos | otros provisionales | gastos_provisionales | otros provisionales | yaris 02 2da cuota arreglo motor · excel gastos fila 601 [origen gastos_caja id=594] | gastos_caja_unidad | efectivo | traslado desde gastos_caja (script mover_gastos_caja_a_vehiculo),operativo_vehiculo,motor
6a393656-ba37-4591-9bb2-a669c36d1fdb,2022-06-03,2,711,OTROS GASTOS,OTROS PROVISIONALES,GASTOS_CAJA_UNIDAD,YARIS 02 CUOTA MOTOR · Excel GASTOS fila 635 [origen gastos_caja id=628],otros gastos | otros provisionales | gastos_provisionales | otros provisionales | yaris 02 cuota motor · excel gastos fila 635 [origen gastos_caja id=628] | gastos_caja_unidad | efectivo | traslado desde gastos_caja (script mover_gastos_caja_a_vehiculo),operativo_vehiculo,motor
89d7542e-d416-4fda-b11b-a1038e6a303d,2022-06-24,4,50,OTROS GASTOS,OTROS PROVISIONALES,GASTOS_CAJA_UNIDAD,yaris 04 regulacion y cambio de inyectores · Excel GASTOS fila 690 [origen gastos_caja id=683],otros gastos | otros provisionales | gastos_provisionales | otros provisionales | yaris 04 regulacion y cambio de inyectores · excel gastos fila 690 [origen gastos_caja id=683] | gastos_caja_unidad | efectivo | traslado desde gastos_caja (script mover_gastos_caja_a_vehiculo),operativo_vehiculo,motor
cfc90daf-102b-4588-8594-cc357bca3deb,2022-07-04,2,711,OTROS GASTOS,OTROS PROVISIONALES,GASTOS_CAJA_UNIDAD,YARIS 02 CUOTA MOTOR · Excel GASTOS fila 691 [origen gastos_caja id=684],otros gastos | otros provisionales | gastos_provisionales | otros provisionales | yaris 02 cuota motor · excel gastos fila 691 [origen gastos_caja id=684] | gastos_caja_unidad | efectivo | traslado desde gastos_caja (script mover_gastos_caja_a_vehiculo),operativo_vehiculo,motor
10b754a6-451d-4d7c-ac90-aae56bbc2dcb,2022-07-04,1,20,OTROS GASTOS,OTROS PROVISIONALES,GASTOS_CAJA_UNIDAD,faro pulido yaris 01 · Excel GASTOS fila 714 [origen gastos_caja id=707],otros gastos | otros provisionales | gastos_provisionales | otros provisionales | faro pulido yaris 01 · excel gastos fila 714 [origen gastos_caja id=707] | gastos_caja_unidad | efectivo | traslado desde gastos_caja (script mover_gastos_caja_a_vehiculo),operativo_vehiculo,motor
63710019-df86-4a6c-b712-cc81d07446b9,2022-07-04,4,25,OTROS GASTOS,OTROS PROVISIONALES,GASTOS_CAJA_UNIDAD,yaris 04 mica faro trasero · Excel GASTOS fila 720 [origen gastos_caja id=713],otros gastos | otros provisionales | gastos_provisionales | otros provisionales | yaris 04 mica faro trasero · excel gastos fila 720 [origen gastos_caja id=713] | gastos_caja_unidad | efectivo | traslado desde gastos_caja (script mover_gastos_caja_a_vehiculo),operativo_vehiculo,accesorios
3bbbf4f5-7973-49b0-9c34-93a6ee036080,2022-07-04,4,30,OTROS GASTOS,OTROS PROVISIONALES,GASTOS_CAJA_UNIDAD,yaris 04 pulido faro delantero · Excel GASTOS fila 721 [origen gastos_caja id=714],otros gastos | otros provisionales | gastos_provisionales | otros provisionales | yaris 04 pulido faro delantero · excel gastos fila 721 [origen gastos_caja id=714] | gastos_caja_unidad | efectivo | traslado desde gastos_caja (script mover_gastos_caja_a_vehiculo),operativo_vehiculo,motor
6d17496c-f1db-4ee4-b32e-268dfed37f72,2022-07-04,5,210,OTROS GASTOS,OTROS PROVISIONALES,GASTOS_CAJA_UNIDAD,yaris 05 valvula de gass tanque nueva · Excel GASTOS fila 726 [origen gastos_caja id=719],otros gastos | otros provisionales | gastos_provisionales | otros provisionales | yaris 05 valvula de gass tanque nueva · excel gastos fila 726 [origen gastos_caja id=719] | gastos_caja_unidad | efectivo | traslado desde gastos_caja (script mover_gastos_caja_a_vehiculo),operativo_vehiculo,motor
6ec715cd-8475-4265-856f-5188613dad1b,2022-08-20,8,20,OTROS GASTOS,OTROS PROVISIONALES,GASTOS_CAJA_UNIDAD,yaris 08 mant frenos · Excel GASTOS fila 781 [origen gastos_caja id=774],otros gastos | otros provisionales | gastos_provisionales | otros provisionales | yaris 08 mant frenos · excel gastos fila 781 [origen gastos_caja id=774] | gastos_caja_unidad | efectivo | traslado desde gastos_caja (script mover_gastos_caja_a_vehiculo),operativo_vehiculo,frenos
f3c4da09-0995-4921-848a-5029414ee50a,2022-09-02,1,920,OTROS GASTOS,OTROS PROVISIONALES,GASTOS_CAJA_UNIDAD,2 CERTIFICADO QUINQUENAL + 2 VALVULAS YARIS 01/02 ROMANO · Excel GASTOS fila 802 [origen gastos_caja id=795],otros gastos | otros provisionales | gastos_provisionales | otros provisionales | 2 certificado quinquenal + 2 valvulas yaris 01/02 romano · excel gastos fila 802 [origen gastos_caja id=795] | gastos_caja_unidad | efectivo | traslado desde gastos_caja (script mover_gastos_caja_a_vehiculo),operativo_vehiculo,motor
99234abe-8969-4140-8ef5-5eb76aa6a2b5,2022-10-27,4,40,OTROS GASTOS,OTROS PROVISIONALES,GASTOS_CAJA_UNIDAD,YARIS 04 CONTROL ALARMA · Excel GASTOS fila 852 [origen gastos_caja id=844],otros gastos | otros provisionales | gastos_provisionales | otros provisionales | yaris 04 control alarma · excel gastos fila 852 [origen gastos_caja id=844] | gastos_caja_unidad | efectivo | traslado desde gastos_caja (script mover_gastos_caja_a_vehiculo),operativo_vehiculo,motor
78cbe073-1386-494d-8e21-818aaebee2e2,2022-10-27,3,120,OTROS GASTOS,OTROS PROVISIONALES,GASTOS_CAJA_UNIDAD,VERSA 03 RODAJE DELANTERO CARLSO GUERRERO · Excel GASTOS fila 855 [origen gastos_caja id=847],otros gastos | otros provisionales | gastos_provisionales | otros provisionales | versa 03 rodaje delantero carlso guerrero · excel gastos fila 855 [origen gastos_caja id=847] | gastos_caja_unidad | efectivo | traslado desde gastos_caja (script mover_gastos_caja_a_vehiculo),operativo_vehiculo,motor
2efa899f-bcb9-4e18-bb38-a19aceedbffb,2022-12-04,9,100,OTROS GASTOS,OTROS PROVISIONALES,GASTOS_CAJA_UNIDAD,YARIS 09 MICA FARO SEGURO RUEDAS Y ARREGLO CONTROL VIDRIOS · Excel GASTOS fila 953 [origen gastos_caja id=945],otros gastos | otros provisionales | gastos_provisionales | otros provisionales | yaris 09 mica faro seguro ruedas y arreglo control vidrios · excel gastos fila 953 [origen gastos_caja id=945] | gastos_caja_unidad | efectivo | traslado desde gastos_caja (script mover_gastos_caja_a_vehiculo),operativo_vehiculo,accesorios
7a905da4-9b35-49ff-8bc7-893c2f566885,2023-01-06,9,576,OTROS GASTOS,OTROS PROVISIONALES,GASTOS_CAJA_UNIDAD,YARIS 09  CUOTA 1/5 MOTOR · Excel GASTOS fila 992 [origen gastos_caja id=983],otros gastos | otros provisionales | gastos_provisionales | otros provisionales | yaris 09 cuota 1/5 motor · excel gastos fila 992 [origen gastos_caja id=983] | gastos_caja_unidad | efectivo | traslado desde gastos_caja (script mover_gastos_caja_a_vehiculo),operativo_vehiculo,motor
f229faba-87f2-4a7e-8f6b-5c474e9aacaf,2023-02-02,9,576,OTROS GASTOS,OTROS PROVISIONALES,GASTOS_CAJA_UNIDAD,YARIS 09  CUOTA 2/5 MOTOR · Excel GASTOS fila 1040 [origen gastos_caja id=1030],otros gastos | otros provisionales | gastos_provisionales | otros provisionales | yaris 09 cuota 2/5 motor · excel gastos fila 1040 [origen gastos_caja id=1030] | gastos_caja_unidad | efectivo | traslado desde gastos_caja (script mover_gastos_caja_a_vehiculo),operativo_vehiculo,motor
127f9ed7-45c0-4b87-896d-398dabaf002b,2023-02-08,3,250,OTROS GASTOS,OTROS PROVISIONALES,GASTOS_CAJA_UNIDAD,VERSA 03 ELECTRONICO POR OBTURADOR FALLA · Excel GASTOS fila 1072 [origen gastos_caja id=1062],otros gastos | otros provisionales | gastos_provisionales | otros provisionales | versa 03 electronico por obturador falla · excel gastos fila 1072 [origen gastos_caja id=1062] | gastos_caja_unidad | efectivo | traslado desde gastos_caja (script mover_gastos_caja_a_vehiculo),operativo_vehiculo,motor
b1eab4a7-a6c8-4e68-b426-40689c5f385a,2023-03-02,9,576,OTROS GASTOS,OTROS PROVISIONALES,GASTOS_CAJA_UNIDAD,YARIS 09  CUOTA 3/5 MOTOR · Excel GASTOS fila 1113 [origen gastos_caja id=1103],otros gastos | otros provisionales | gastos_provisionales | otros provisionales | yaris 09 cuota 3/5 motor · excel gastos fila 1113 [origen gastos_caja id=1103] | gastos_caja_unidad | efectivo | traslado desde gastos_caja (script mover_gastos_caja_a_vehiculo),operativo_vehiculo,motor
07a49a83-a284-4607-bc1f-8641287535fc,2023-03-02,5,288,OTROS GASTOS,OTROS PROVISIONALES,GASTOS_CAJA_UNIDAD,YARIS 05 CUOTA 1/5 MOTOR · Excel GASTOS fila 1114 [origen gastos_caja id=1104],otros gastos | otros provisionales | gastos_provisionales | otros provisionales | yaris 05 cuota 1/5 motor · excel gastos fila 1114 [origen gastos_caja id=1104] | gastos_caja_unidad | efectivo | traslado desde gastos_caja (script mover_gastos_caja_a_vehiculo),operativo_vehiculo,motor
94a181cb-764a-4a8f-bf87-4f59a7d85eb4,2023-03-08,8,210,OTROS GASTOS,OTROS PROVISIONALES,GASTOS_CAJA_UNIDAD,YARIS 08 MEDIDOR DE COMBUSTIBLE MAS FOCO · Excel GASTOS fila 1144 [origen gastos_caja id=1134],otros gastos | otros provisionales | gastos_provisionales | otros provisionales | yaris 08 medidor de combustible mas foco · excel gastos fila 1144 [origen gastos_caja id=1134] | gastos_caja_unidad | efectivo | traslado desde gastos_caja (script mover_gastos_caja_a_vehiculo),operativo_vehiculo,combustible
479e4e91-28b6-42b1-b2b0-df60f07b924f,2023-03-08,5,190,OTROS GASTOS,OTROS PROVISIONALES,GASTOS_CAJA_UNIDAD,YARIS 05 ARREGLO ARRANCADOR · Excel GASTOS fila 1147 [origen gastos_caja id=1137],otros gastos | otros provisionales | gastos_provisionales | otros provisionales | yaris 05 arreglo arrancador · excel gastos fila 1147 [origen gastos_caja id=1137] | gastos_caja_unidad | efectivo | traslado desde gastos_caja (script mover_gastos_caja_a_vehiculo),operativo_vehiculo,motor
ceb7af5a-1aa2-4a25-a15d-1aa8b933fcfb,2023-03-24,3,260,OTROS GASTOS,OTROS PROVISIONALES,GASTOS_CAJA_UNIDAD,2 LLANATS NUEVAS VERSA 03 · Excel GASTOS fila 1151 [origen gastos_caja id=1141],otros gastos | otros provisionales | gastos_provisionales | otros provisionales | 2 llanats nuevas versa 03 · excel gastos fila 1151 [origen gastos_caja id=1141] | gastos_caja_unidad | efectivo | traslado desde gastos_caja (script mover_gastos_caja_a_vehiculo),operativo_vehiculo,motor
acc60600-f6e7-474e-98df-3cb772a6bfd9,2023-04-05,7,145,OTROS GASTOS,OTROS PROVISIONALES,GASTOS_CAJA_UNIDAD,YARIS 07 2/4 CUOTAS CULATA · Excel GASTOS fila 1157 [origen gastos_caja id=1147],otros gastos | otros provisionales | gastos_provisionales | otros provisionales | yaris 07 2/4 cuotas culata · excel gastos fila 1157 [origen gastos_caja id=1147] | gastos_caja_unidad | efectivo | traslado desde gastos_caja (script mover_gastos_caja_a_vehiculo),operativo_vehiculo,motor
5944af9b-c8e6-4792-a95e-fd17672963e3,2023-04-05,9,576,OTROS GASTOS,OTROS PROVISIONALES,GASTOS_CAJA_UNIDAD,YARIS 09 4/5 CUOTAS MOTOR · Excel GASTOS fila 1158 [origen gastos_caja id=1148],otros gastos | otros provisionales | gastos_provisionales | otros provisionales | yaris 09 4/5 cuotas motor · excel gastos fila 1158 [origen gastos_caja id=1148] | gastos_caja_unidad | efectivo | traslado desde gastos_caja (script mover_gastos_caja_a_vehiculo),operativo_vehiculo,motor
49b1a67d-8844-43b9-ada4-a8de18d0a64d,2023-04-05,5,288,OTROS GASTOS,OTROS PROVISIONALES,GASTOS_CAJA_UNIDAD,YARIS 05 2/4 CUOTAS MOTOR · Excel GASTOS fila 1159 [origen gastos_caja id=1149],otros gastos | otros provisionales | gastos_provisionales | otros provisionales | yaris 05 2/4 cuotas motor · excel gastos fila 1159 [origen gastos_caja id=1149] | gastos_caja_unidad | efectivo | traslado desde gastos_caja (script mover_gastos_caja_a_vehiculo),operativo_vehiculo,motor
002cb024-ee47-4e6d-9e73-32fbde12fe33,2023-04-05,2,200,OTROS GASTOS,OTROS PROVISIONALES,GASTOS_CAJA_UNIDAD,YARIS 02 2/3 CULATA · Excel GASTOS fila 1162 [origen gastos_caja id=1152],otros gastos | otros provisionales | gastos_provisionales | otros provisionales | yaris 02 2/3 culata · excel gastos fila 1162 [origen gastos_caja id=1152] | gastos_caja_unidad | efectivo | traslado desde gastos_caja (script mover_gastos_caja_a_vehiculo),operativo_vehiculo,motor
05c4d69c-6372-412a-85f8-816834b9a59f,2023-04-05,2,240,OTROS GASTOS,OTROS PROVISIONALES,GASTOS_CAJA_UNIDAD,YARIS 02 LIMPIEZA CONDENSADOR SACARLO MAS ORRINES VALVULA Y RECARGA · Excel GASTOS fila 1208 [origen gastos_caja id=1198],otros gastos | otros provisionales | gastos_provisionales | otros provisionales | yaris 02 limpieza condensador sacarlo mas orrines valvula y recarga · excel gastos fila 1208 [origen gastos_caja id=1198] | gastos_caja_unidad | efectivo | traslado desde gastos_caja (script mover_gastos_caja_a_vehiculo),operativo_vehiculo,motor
8ebb0ea7-a059-4679-a69d-c35098125b57,2023-05-04,7,145,OTROS GASTOS,OTROS PROVISIONALES,GASTOS_CAJA_UNIDAD,YARIS 07 3/4 CUOTAS CULATA · Excel GASTOS fila 1243 [origen gastos_caja id=1233],otros gastos | otros provisionales | gastos_provisionales | otros provisionales | yaris 07 3/4 cuotas culata · excel gastos fila 1243 [origen gastos_caja id=1233] | gastos_caja_unidad | efectivo | traslado desde gastos_caja (script mover_gastos_caja_a_vehiculo),operativo_vehiculo,motor
731668a0-4d98-4615-b328-d03df219a78c,2023-05-04,9,576,OTROS GASTOS,OTROS PROVISIONALES,GASTOS_CAJA_UNIDAD,YARIS 09 5/5 CUOTAS MOTOR · Excel GASTOS fila 1244 [origen gastos_caja id=1234],otros gastos | otros provisionales | gastos_provisionales | otros provisionales | yaris 09 5/5 cuotas motor · excel gastos fila 1244 [origen gastos_caja id=1234] | gastos_caja_unidad | efectivo | traslado desde gastos_caja (script mover_gastos_caja_a_vehiculo),operativo_vehiculo,motor
d521d79d-331e-4589-81f9-0c19f76e7115,2023-05-04,5,288,OTROS GASTOS,OTROS PROVISIONALES,GASTOS_CAJA_UNIDAD,YARIS 05 3/4 CUOTAS MOTOR · Excel GASTOS fila 1245 [origen gastos_caja id=1235],otros gastos | otros provisionales | gastos_provisionales | otros provisionales | yaris 05 3/4 cuotas motor · excel gastos fila 1245 [origen gastos_caja id=1235] | gastos_caja_unidad | efectivo | traslado desde gastos_caja (script mover_gastos_caja_a_vehiculo),operativo_vehiculo,motor
90998f91-02da-46b8-b62c-e44b115588f1,2023-05-04,2,200,OTROS GASTOS,OTROS PROVISIONALES,GASTOS_CAJA_UNIDAD,YARIS 02 3/3 CULATA · Excel GASTOS fila 1248 [origen gastos_caja id=1238],otros gastos | otros provisionales | gastos_provisionales | otros provisionales | yaris 02 3/3 culata · excel gastos fila 1248 [origen gastos_caja id=1238] | gastos_caja_unidad | efectivo | traslado desde gastos_caja (script mover_gastos_caja_a_vehiculo),operativo_vehiculo,motor
4bd687b3-92bc-4707-9e87-8560bbe40143,2023-05-04,8,310,OTROS GASTOS,OTROS PROVISIONALES,GASTOS_CAJA_UNIDAD,yaris 08 arreglo motor de ventilador mas venilador y servicio · Excel GASTOS fila 1251 [origen gastos_caja id=1241],otros gastos | otros provisionales | gastos_provisionales | otros provisionales | yaris 08 arreglo motor de ventilador mas venilador y servicio · excel gastos fila 1251 [origen gastos_caja id=1241] | gastos_caja_unidad | efectivo | traslado desde gastos_caja (script mover_gastos_caja_a_vehiculo),operativo_vehiculo,motor
770b0eca-6014-4798-b9cd-f180519dde85,2023-07-12,1,30,OTROS GASTOS,OTROS PROVISIONALES,GASTOS_CAJA_UNIDAD,YARIS 01 ELECTRONICO · Excel GASTOS fila 1437 [origen gastos_caja id=1427],otros gastos | otros provisionales | gastos_provisionales | otros provisionales | yaris 01 electronico · excel gastos fila 1437 [origen gastos_caja id=1427] | gastos_caja_unidad | efectivo | traslado desde gastos_caja (script mover_gastos_caja_a_vehiculo),operativo_vehiculo,motor
fb6bbe43-6d95-4885-93e2-9d70ee6ce20b,2023-08-03,2,80,OTROS GASTOS,OTROS PROVISIONALES,GASTOS_CAJA_UNIDAD,ARREGLO PESTILLOS ALARMA YARIS 02 · Excel GASTOS fila 1497 [origen gastos_caja id=1487],otros gastos | otros provisionales | gastos_provisionales | otros provisionales | arreglo pestillos alarma yaris 02 · excel gastos fila 1497 [origen gastos_caja id=1487] | gastos_caja_unidad | efectivo | traslado desde gastos_caja (script mover_gastos_caja_a_vehiculo),operativo_vehiculo,motor
833ac282-f1eb-4943-bffd-699a353b49eb,2023-09-07,5,30,OTROS GASTOS,OTROS PROVISIONALES,GASTOS_CAJA_UNIDAD,YARIS 05 PLUMILLAS YENNY · Excel GASTOS fila 1634 [origen gastos_caja id=1620],otros gastos | otros provisionales | gastos_provisionales | otros provisionales | yaris 05 plumillas yenny · excel gastos fila 1634 [origen gastos_caja id=1620] | gastos_caja_unidad | efectivo | traslado desde gastos_caja (script mover_gastos_caja_a_vehiculo),operativo_vehiculo,motor
0a6c3606-5530-43f2-8168-cad038071e1f,2023-10-03,9,380,OTROS GASTOS,OTROS PROVISIONALES,GASTOS_CAJA_UNIDAD,YARIS 09 ARREGLO MOTOR 1/6 FRACCIONAMEINTO · Excel GASTOS fila 1704 [origen gastos_caja id=1690],otros gastos | otros provisionales | gastos_provisionales | otros provisionales | yaris 09 arreglo motor 1/6 fraccionameinto · excel gastos fila 1704 [origen gastos_caja id=1690] | gastos_caja_unidad | efectivo | traslado desde gastos_caja (script mover_gastos_caja_a_vehiculo),operativo_vehiculo,motor
7c4b4a58-b9e7-469f-a097-f3d0cab8a871,2023-10-03,9,120,OTROS GASTOS,OTROS PROVISIONALES,GASTOS_CAJA_UNIDAD,YARIS 09 1/2 VALVULA PCV Y SIMPLE · Excel GASTOS fila 1707 [origen gastos_caja id=1693],otros gastos | otros provisionales | gastos_provisionales | otros provisionales | yaris 09 1/2 valvula pcv y simple · excel gastos fila 1707 [origen gastos_caja id=1693] | gastos_caja_unidad | efectivo | traslado desde gastos_caja (script mover_gastos_caja_a_vehiculo),operativo_vehiculo,motor
ff6d3b40-72d6-4f7b-9309-e4ad4d4845bd,2023-11-03,9,380,OTROS GASTOS,OTROS PROVISIONALES,GASTOS_CAJA_UNIDAD,YARIS 09 ARREGLO MOTOR 2/6 FRACCIONAMEINTO · Excel GASTOS fila 1848 [origen gastos_caja id=1834],otros gastos | otros provisionales | gastos_provisionales | otros provisionales | yaris 09 arreglo motor 2/6 fraccionameinto · excel gastos fila 1848 [origen gastos_caja id=1834] | gastos_caja_unidad | efectivo | traslado desde gastos_caja (script mover_gastos_caja_a_vehiculo),operativo_vehiculo,motor
990c7606-4058-4ab0-b9a4-855c1b21fbe4,2023-11-03,9,120,OTROS GASTOS,OTROS PROVISIONALES,GASTOS_CAJA_UNIDAD,YARIS 09 2/2 VALVULA PCV Y SIMPLE · Excel GASTOS fila 1851 [origen gastos_caja id=1837],otros gastos | otros provisionales | gastos_provisionales | otros provisionales | yaris 09 2/2 valvula pcv y simple · excel gastos fila 1851 [origen gastos_caja id=1837] | gastos_caja_unidad | efectivo | traslado desde gastos_caja (script mover_gastos_caja_a_vehiculo),operativo_vehiculo,motor
437e7080-48a4-4755-85d8-834b8227e61a,2023-10-05,6,80,OTROS GASTOS,OTROS PROVISIONALES,GASTOS_CAJA_UNIDAD,YARIS 06 CUADARADA DE PARACHOQUES · Excel GASTOS fila 1909 [origen gastos_caja id=1895],otros gastos | otros provisionales | gastos_provisionales | otros provisionales | yaris 06 cuadarada de parachoques · excel gastos fila 1909 [origen gastos_caja id=1895] | gastos_caja_unidad | efectivo | traslado desde gastos_caja (script mover_gastos_caja_a_vehiculo),operativo_vehiculo,motor
5d0f95a6-bef5-4a1d-9588-937294dc4960,2023-12-07,9,380,OTROS GASTOS,OTROS PROVISIONALES,GASTOS_CAJA_UNIDAD,YARIS 09 ARREGLO MOTOR 3/6 FRACCIONAMEINTO · Excel GASTOS fila 1980 [origen gastos_caja id=1966],otros gastos | otros provisionales | gastos_provisionales | otros provisionales | yaris 09 arreglo motor 3/6 fraccionameinto · excel gastos fila 1980 [origen gastos_caja id=1966] | gastos_caja_unidad | efectivo | traslado desde gastos_caja (script mover_gastos_caja_a_vehiculo),operativo_vehiculo,motor
fc9f1f0b-4733-4667-b3e0-a65288dd2c13,2023-12-07,9,45,OTROS GASTOS,OTROS PROVISIONALES,GASTOS_CAJA_UNIDAD,YARIS 09 LAMINA PARA FARO TRASEROS · Excel GASTOS fila 2012 [origen gastos_caja id=1998],otros gastos | otros provisionales | gastos_provisionales | otros provisionales | yaris 09 lamina para faro traseros · excel gastos fila 2012 [origen gastos_caja id=1998] | gastos_caja_unidad | efectivo | traslado desde gastos_caja (script mover_gastos_caja_a_vehiculo),operativo_vehiculo,motor
94e22167-f961-4963-bf47-199a6f05af7f,2024-01-11,9,380,OTROS GASTOS,OTROS PROVISIONALES,GASTOS_CAJA_UNIDAD,YARIS 09 ARREGLO MOTOR 4/6 FRACCIONAMEINTO · Excel GASTOS fila 2150 [origen gastos_caja id=2136],otros gastos | otros provisionales | gastos_provisionales | otros provisionales | yaris 09 arreglo motor 4/6 fraccionameinto · excel gastos fila 2150 [origen gastos_caja id=2136] | gastos_caja_unidad | efectivo | traslado desde gastos_caja (script mover_gastos_caja_a_vehiculo),operativo_vehiculo,motor
a81d041e-045f-421e-881e-56f76c9e2024,2024-01-11,1,170,OTROS GASTOS,OTROS PROVISIONALES,GASTOS_CAJA_UNIDAD,YARIS 01 1/6 CULATA Y VALVULA · Excel GASTOS fila 2164 [origen gastos_caja id=2150],otros gastos | otros provisionales | gastos_provisionales | otros provisionales | yaris 01 1/6 culata y valvula · excel gastos fila 2164 [origen gastos_caja id=2150] | gastos_caja_unidad | efectivo | traslado desde gastos_caja (script mover_gastos_caja_a_vehiculo),operativo_vehiculo,motor
4d2ac46a-0ccc-4947-a0ea-f1f8a0e54035,2024-02-08,9,380,OTROS GASTOS,OTROS PROVISIONALES,GASTOS_CAJA_UNIDAD,YARIS 09 CUOTA 5/6 MOTOR ARREGLO · Excel GASTOS fila 2218 [origen gastos_caja id=2204],otros gastos | otros provisionales | gastos_provisionales | otros provisionales | yaris 09 cuota 5/6 motor arreglo · excel gastos fila 2218 [origen gastos_caja id=2204] | gastos_caja_unidad | efectivo | traslado desde gastos_caja (script mover_gastos_caja_a_vehiculo),operativo_vehiculo,motor
a2b17119-90a2-4425-b222-540bd678744e,2024-02-08,1,170,OTROS GASTOS,OTROS PROVISIONALES,GASTOS_CAJA_UNIDAD,YARIS 01 CUOTAS 2/6 CUALTA Y VALVULA · Excel GASTOS fila 2228 [origen gastos_caja id=2214],otros gastos | otros provisionales | gastos_provisionales | otros provisionales | yaris 01 cuotas 2/6 cualta y valvula · excel gastos fila 2228 [origen gastos_caja id=2214] | gastos_caja_unidad | efectivo | traslado desde gastos_caja (script mover_gastos_caja_a_vehiculo),operativo_vehiculo,motor
6f7bedc2-d5d7-4f87-8d26-779cfd5473ae,2024-02-13,9,50,OTROS GASTOS,OTROS PROVISIONALES,GASTOS_CAJA_UNIDAD,YARIS 09 REGULACION FRENOS · Excel GASTOS fila 2275 [origen gastos_caja id=2261],otros gastos | otros provisionales | gastos_provisionales | otros provisionales | yaris 09 regulacion frenos · excel gastos fila 2275 [origen gastos_caja id=2261] | gastos_caja_unidad | efectivo | traslado desde gastos_caja (script mover_gastos_caja_a_vehiculo),operativo_vehiculo,frenos
819f8b36-337e-415d-8798-397e39cd945b,2024-02-13,3,50,OTROS GASTOS,OTROS PROVISIONALES,GASTOS_CAJA_UNIDAD,VERSA 03 1 CONTECTOR DE INYECTOR · Excel GASTOS fila 2279 [origen gastos_caja id=2265],otros gastos | otros provisionales | gastos_provisionales | otros provisionales | versa 03 1 contector de inyector · excel gastos fila 2279 [origen gastos_caja id=2265] | gastos_caja_unidad | efectivo | traslado desde gastos_caja (script mover_gastos_caja_a_vehiculo),operativo_vehiculo,motor
22a318fd-21dc-4f20-bd4f-6473fb62dd1c,2024-03-07,9,380,OTROS GASTOS,OTROS PROVISIONALES,GASTOS_CAJA_UNIDAD,YARIS 09 CUOTA 6/6 MOTOR ARREGLO · Excel GASTOS fila 2344 [origen gastos_caja id=2330],otros gastos | otros provisionales | gastos_provisionales | otros provisionales | yaris 09 cuota 6/6 motor arreglo · excel gastos fila 2344 [origen gastos_caja id=2330] | gastos_caja_unidad | efectivo | traslado desde gastos_caja (script mover_gastos_caja_a_vehiculo),operativo_vehiculo,motor
b1e1b6ae-107c-490c-95e7-4ac8148c893a,2024-03-07,1,170,OTROS GASTOS,OTROS PROVISIONALES,GASTOS_CAJA_UNIDAD,YARIS 01 CUOTAS 3/6 CUALTA Y VALVULA · Excel GASTOS fila 2350 [origen gastos_caja id=2336],otros gastos | otros provisionales | gastos_provisionales | otros provisionales | yaris 01 cuotas 3/6 cualta y valvula · excel gastos fila 2350 [origen gastos_caja id=2336] | gastos_caja_unidad | efectivo | traslado desde gastos_caja (script mover_gastos_caja_a_vehiculo),operativo_vehiculo,motor
23e942a1-8aa5-4c70-8c0f-41a4ddc51ae1,2024-03-07,4,150,OTROS GASTOS,OTROS PROVISIONALES,GASTOS_CAJA_UNIDAD,YARIS 04 1/4 2 SOPORTES DE MOTOR · Excel GASTOS fila 2354 [origen gastos_caja id=2340],otros gastos | otros provisionales | gastos_provisionales | otros provisionales | yaris 04 1/4 2 soportes de motor · excel gastos fila 2354 [origen gastos_caja id=2340] | gastos_caja_unidad | efectivo | traslado desde gastos_caja (script mover_gastos_caja_a_vehiculo),operativo_vehiculo,motor
72d70c68-03a6-4174-bbfb-490d80c05cee,2024-03-07,5,60,OTROS GASTOS,OTROS PROVISIONALES,GASTOS_CAJA_UNIDAD,YARIS 05 REVISON DE LUZ DE VALVULA · Excel GASTOS fila 2376 [origen gastos_caja id=2362],otros gastos | otros provisionales | gastos_provisionales | otros provisionales | yaris 05 revison de luz de valvula · excel gastos fila 2376 [origen gastos_caja id=2362] | gastos_caja_unidad | efectivo | traslado desde gastos_caja (script mover_gastos_caja_a_vehiculo),operativo_vehiculo,motor
3a3d0733-a623-4875-b8a4-b4753c33166b,2024-03-07,9,15,OTROS GASTOS,OTROS PROVISIONALES,GASTOS_CAJA_UNIDAD,YARIS 09 REGULACION FRENOS · Excel GASTOS fila 2380 [origen gastos_caja id=2366],otros gastos | otros provisionales | gastos_provisionales | otros provisionales | yaris 09 regulacion frenos · excel gastos fila 2380 [origen gastos_caja id=2366] | gastos_caja_unidad | efectivo | traslado desde gastos_caja (script mover_gastos_caja_a_vehiculo),operativo_vehiculo,frenos
0379bb6c-bb99-421e-aba4-f7da02610fd9,2024-04-06,1,170,OTROS GASTOS,OTROS PROVISIONALES,GASTOS_CAJA_UNIDAD,YARIS 01 CUOTAS 4/6 CUALTA Y VALVULA · Excel GASTOS fila 2456 [origen gastos_caja id=2442],otros gastos | otros provisionales | gastos_provisionales | otros provisionales | yaris 01 cuotas 4/6 cualta y valvula · excel gastos fila 2456 [origen gastos_caja id=2442] | gastos_caja_unidad | efectivo | traslado desde gastos_caja (script mover_gastos_caja_a_vehiculo),operativo_vehiculo,motor
81194484-4bf6-4032-af08-22f5a16ffea1,2024-04-06,4,150,OTROS GASTOS,OTROS PROVISIONALES,GASTOS_CAJA_UNIDAD,YARIS 04 2/4 2 SOPORTES DE MOTOR · Excel GASTOS fila 2459 [origen gastos_caja id=2445],otros gastos | otros provisionales | gastos_provisionales | otros provisionales | yaris 04 2/4 2 soportes de motor · excel gastos fila 2459 [origen gastos_caja id=2445] | gastos_caja_unidad | efectivo | traslado desde gastos_caja (script mover_gastos_caja_a_vehiculo),operativo_vehiculo,motor
29cbd53e-0885-45bc-a67d-a94d330c21c3,2024-04-09,8,100,OTROS GASTOS,OTROS PROVISIONALES,GASTOS_CAJA_UNIDAD,YARIS 08 1/3 SERVICIO DE COMPUTADORA ROBO · Excel GASTOS fila 2475 [origen gastos_caja id=2461],otros gastos | otros provisionales | gastos_provisionales | otros provisionales | yaris 08 1/3 servicio de computadora robo · excel gastos fila 2475 [origen gastos_caja id=2461] | gastos_caja_unidad | efectivo | traslado desde gastos_caja (script mover_gastos_caja_a_vehiculo),operativo_vehiculo,motor
c9281859-98a6-428c-b648-3c5a9e60574f,2024-05-09,1,170,OTROS GASTOS,OTROS PROVISIONALES,GASTOS_CAJA_UNIDAD,YARIS 01 CUOTAS 5/6 CUALTA Y VALVULA · Excel GASTOS fila 2558 [origen gastos_caja id=2544],otros gastos | otros provisionales | gastos_provisionales | otros provisionales | yaris 01 cuotas 5/6 cualta y valvula · excel gastos fila 2558 [origen gastos_caja id=2544] | gastos_caja_unidad | efectivo | traslado desde gastos_caja (script mover_gastos_caja_a_vehiculo),operativo_vehiculo,motor
ce9d5c16-46e3-4abe-b9d3-00fb90035496,2024-05-09,4,150,OTROS GASTOS,OTROS PROVISIONALES,GASTOS_CAJA_UNIDAD,YARIS 04 3/4 2 SOPORTES DE MOTOR · Excel GASTOS fila 2560 [origen gastos_caja id=2546],otros gastos | otros provisionales | gastos_provisionales | otros provisionales | yaris 04 3/4 2 soportes de motor · excel gastos fila 2560 [origen gastos_caja id=2546] | gastos_caja_unidad | efectivo | traslado desde gastos_caja (script mover_gastos_caja_a_vehiculo),operativo_vehiculo,motor
75713007-e6af-4324-ac79-1a3951765319,2024-05-09,8,100,OTROS GASTOS,OTROS PROVISIONALES,GASTOS_CAJA_UNIDAD,YARIS 08 2/3 SERVICIO DE COMPUTADORA ROBO · Excel GASTOS fila 2570 [origen gastos_caja id=2556],otros gastos | otros provisionales | gastos_provisionales | otros provisionales | yaris 08 2/3 servicio de computadora robo · excel gastos fila 2570 [origen gastos_caja id=2556] | gastos_caja_unidad | efectivo | traslado desde gastos_caja (script mover_gastos_caja_a_vehiculo),operativo_vehiculo,motor
79b732d5-3609-4d27-8946-15a8b0d882fa,2024-05-09,4,200,OTROS GASTOS,OTROS PROVISIONALES,GASTOS_CAJA_UNIDAD,YARIS 04 1/7 CAMBIO DIRECCION TOTAL · Excel GASTOS fila 2581 [origen gastos_caja id=2567],otros gastos | otros provisionales | gastos_provisionales | otros provisionales | yaris 04 1/7 cambio direccion total · excel gastos fila 2581 [origen gastos_caja id=2567] | gastos_caja_unidad | efectivo | traslado desde gastos_caja (script mover_gastos_caja_a_vehiculo),operativo_vehiculo,motor
b1af288c-7497-4373-853b-4297c4cfd4b0,2024-06-10,4,150,OTROS GASTOS,OTROS PROVISIONALES,GASTOS_CAJA_UNIDAD,YARIS 04 CUOTA 4/4 2 SOPORTES DE MOTOR · Excel GASTOS fila 2797 [origen gastos_caja id=2783],otros gastos | otros provisionales | gastos_provisionales | otros provisionales | yaris 04 cuota 4/4 2 soportes de motor · excel gastos fila 2797 [origen gastos_caja id=2783] | gastos_caja_unidad | efectivo | traslado desde gastos_caja (script mover_gastos_caja_a_vehiculo),operativo_vehiculo,motor
835a82c3-655a-432b-97a8-0ea0b33d82c5,2024-06-10,1,100,OTROS GASTOS,OTROS PROVISIONALES,GASTOS_CAJA_UNIDAD,YARIS 01 CUOTA 6/6 CULATA Y VALVULA · Excel GASTOS fila 2801 [origen gastos_caja id=2787],otros gastos | otros provisionales | gastos_provisionales | otros provisionales | yaris 01 cuota 6/6 culata y valvula · excel gastos fila 2801 [origen gastos_caja id=2787] | gastos_caja_unidad | efectivo | traslado desde gastos_caja (script mover_gastos_caja_a_vehiculo),operativo_vehiculo,motor
88fc0866-857f-481f-a5f0-c8bec7590a6c,2024-06-10,5,200,OTROS GASTOS,OTROS PROVISIONALES,GASTOS_CAJA_UNIDAD,YARIS 05 CUOTA 1/8 REC.CULATA SOLDADURA DE CULATA Y + · Excel GASTOS fila 2821 [origen gastos_caja id=2806],otros gastos | otros provisionales | gastos_provisionales | otros provisionales | yaris 05 cuota 1/8 rec.culata soldadura de culata y + · excel gastos fila 2821 [origen gastos_caja id=2806] | gastos_caja_unidad | efectivo | traslado desde gastos_caja (script mover_gastos_caja_a_vehiculo),operativo_vehiculo,motor
d965ffcf-7d7e-4777-9c33-6a55605e100c,2024-06-10,6,160,OTROS GASTOS,OTROS PROVISIONALES,GASTOS_CAJA_UNIDAD,YARIS 06 CUOTA 1/4 SOPORTE DE MOTOR CAJA Y MAS · Excel GASTOS fila 2822 [origen gastos_caja id=2807],otros gastos | otros provisionales | gastos_provisionales | otros provisionales | yaris 06 cuota 1/4 soporte de motor caja y mas · excel gastos fila 2822 [origen gastos_caja id=2807] | gastos_caja_unidad | efectivo | traslado desde gastos_caja (script mover_gastos_caja_a_vehiculo),operativo_vehiculo,motor
667b6f9d-b584-480a-a8ea-f98d458e95cf,2024-07-06,4,50,OTROS GASTOS,OTROS PROVISIONALES,GASTOS_CAJA_UNIDAD,YARIS 04 CERTDICADO GAS FH · Excel GASTOS fila 2887 [origen gastos_caja id=2872],otros gastos | otros provisionales | gastos_provisionales | otros provisionales | yaris 04 certdicado gas fh · excel gastos fila 2887 [origen gastos_caja id=2872] | gastos_caja_unidad | efectivo | traslado desde gastos_caja (script mover_gastos_caja_a_vehiculo),operativo_vehiculo,motor
fe77cbaf-5cf2-40c9-9933-ec030f188737,2024-07-08,5,200,OTROS GASTOS,OTROS PROVISIONALES,GASTOS_CAJA_UNIDAD,YARIS 05 CUOTA 2/8 REC.CULATA SOLDADURA DE CULATA Y + · Excel GASTOS fila 2932 [origen gastos_caja id=2917],otros gastos | otros provisionales | gastos_provisionales | otros provisionales | yaris 05 cuota 2/8 rec.culata soldadura de culata y + · excel gastos fila 2932 [origen gastos_caja id=2917] | gastos_caja_unidad | efectivo | traslado desde gastos_caja (script mover_gastos_caja_a_vehiculo),operativo_vehiculo,motor
d7553516-9937-4e8b-8155-6c72ddff1dfd,2024-07-08,6,160,OTROS GASTOS,OTROS PROVISIONALES,GASTOS_CAJA_UNIDAD,YARIS 06 CUOTA 2/4 SOPORTE DE MOTOR CAJA Y MAS · Excel GASTOS fila 2933 [origen gastos_caja id=2918],otros gastos | otros provisionales | gastos_provisionales | otros provisionales | yaris 06 cuota 2/4 soporte de motor caja y mas · excel gastos fila 2933 [origen gastos_caja id=2918] | gastos_caja_unidad | efectivo | traslado desde gastos_caja (script mover_gastos_caja_a_vehiculo),operativo_vehiculo,motor
2a37197e-f034-4e86-8a25-9e5fcacdcde5,2024-07-08,8,140,OTROS GASTOS,OTROS PROVISIONALES,GASTOS_CAJA_UNIDAD,YARIS 08 CUOTA 1/2 RODAJE · Excel GASTOS fila 2943 [origen gastos_caja id=2928],otros gastos | otros provisionales | gastos_provisionales | otros provisionales | yaris 08 cuota 1/2 rodaje · excel gastos fila 2943 [origen gastos_caja id=2928] | gastos_caja_unidad | efectivo | traslado desde gastos_caja (script mover_gastos_caja_a_vehiculo),operativo_vehiculo,motor
eede3c0a-6735-43f0-a9b0-0371ed4c7102,2024-07-24,3,160,OTROS GASTOS,OTROS PROVISIONALES,GASTOS_CAJA_UNIDAD,VERSA 03 CAMBIO DE RODAJE DELANTERO · Excel GASTOS fila 2959 [origen gastos_caja id=2944],otros gastos | otros provisionales | gastos_provisionales | otros provisionales | versa 03 cambio de rodaje delantero · excel gastos fila 2959 [origen gastos_caja id=2944] | gastos_caja_unidad | efectivo | traslado desde gastos_caja (script mover_gastos_caja_a_vehiculo),operativo_vehiculo,motor
358f1cd7-0c77-4acb-9ed5-75a124748e06,2024-08-07,5,200,OTROS GASTOS,OTROS PROVISIONALES,GASTOS_CAJA_UNIDAD,YARIS 05 3/8 REC. CULATA · Excel GASTOS fila 3029 [origen gastos_caja id=3014],otros gastos | otros provisionales | gastos_provisionales | otros provisionales | yaris 05 3/8 rec. culata · excel gastos fila 3029 [origen gastos_caja id=3014] | gastos_caja_unidad | efectivo | traslado desde gastos_caja (script mover_gastos_caja_a_vehiculo),operativo_vehiculo,motor
01e20f26-bf32-4dac-9b87-51a4a9dd1591,2024-08-07,1,150,OTROS GASTOS,OTROS PROVISIONALES,GASTOS_CAJA_UNIDAD,YARIS 01 1/2 SOPORTE DE MOTOR · Excel GASTOS fila 3041 [origen gastos_caja id=3026],otros gastos | otros provisionales | gastos_provisionales | otros provisionales | yaris 01 1/2 soporte de motor · excel gastos fila 3041 [origen gastos_caja id=3026] | gastos_caja_unidad | efectivo | traslado desde gastos_caja (script mover_gastos_caja_a_vehiculo),operativo_vehiculo,motor
95075af2-0960-4563-a16b-87cc4988fb24,2024-09-06,5,200,OTROS GASTOS,OTROS PROVISIONALES,GASTOS_CAJA_UNIDAD,YARIS 05  4/8  CULATA · Excel GASTOS fila 3172 [origen gastos_caja id=3157],otros gastos | otros provisionales | gastos_provisionales | otros provisionales | yaris 05 4/8 culata · excel gastos fila 3172 [origen gastos_caja id=3157] | gastos_caja_unidad | efectivo | traslado desde gastos_caja (script mover_gastos_caja_a_vehiculo),operativo_vehiculo,motor
c06e5cda-fff6-45a0-ac38-b37a2c0ddfa3,2024-09-09,8,70,OTROS GASTOS,OTROS PROVISIONALES,GASTOS_CAJA_UNIDAD,YARIS 08 CONECTOR INYECTORES · Excel GASTOS fila 3191 [origen gastos_caja id=3176],otros gastos | otros provisionales | gastos_provisionales | otros provisionales | yaris 08 conector inyectores · excel gastos fila 3191 [origen gastos_caja id=3176] | gastos_caja_unidad | efectivo | traslado desde gastos_caja (script mover_gastos_caja_a_vehiculo),operativo_vehiculo,motor
f5ffe0f1-f6b9-415c-a58a-054f2f2ea67a,2024-10-07,5,200,OTROS GASTOS,OTROS PROVISIONALES,GASTOS_CAJA_UNIDAD,YARIS 05  5/8  CULATA · Excel GASTOS fila 3249 [origen gastos_caja id=3234],otros gastos | otros provisionales | gastos_provisionales | otros provisionales | yaris 05 5/8 culata · excel gastos fila 3249 [origen gastos_caja id=3234] | gastos_caja_unidad | efectivo | traslado desde gastos_caja (script mover_gastos_caja_a_vehiculo),operativo_vehiculo,motor
15406a24-f780-4134-aac2-0d019b71146f,2024-11-06,5,200,OTROS GASTOS,OTROS PROVISIONALES,GASTOS_CAJA_UNIDAD,YARIS 05  6/8  CULATA · Excel GASTOS fila 3346 [origen gastos_caja id=3331],otros gastos | otros provisionales | gastos_provisionales | otros provisionales | yaris 05 6/8 culata · excel gastos fila 3346 [origen gastos_caja id=3331] | gastos_caja_unidad | efectivo | traslado desde gastos_caja (script mover_gastos_caja_a_vehiculo),operativo_vehiculo,motor
e63a60ec-986f-4964-8de9-455bacbaf9a2,2024-11-08,3,20,OTROS GASTOS,OTROS PROVISIONALES,GASTOS_CAJA_UNIDAD,VERSA 03 REGULACION FRENOS · Excel GASTOS fila 3388 [origen gastos_caja id=3373],otros gastos | otros provisionales | gastos_provisionales | otros provisionales | versa 03 regulacion frenos · excel gastos fila 3388 [origen gastos_caja id=3373] | gastos_caja_unidad | efectivo | traslado desde gastos_caja (script mover_gastos_caja_a_vehiculo),operativo_vehiculo,frenos
f2c5c970-0065-4f9b-97fb-af9bc0923700,2024-11-08,1,50,OTROS GASTOS,OTROS PROVISIONALES,GASTOS_CAJA_UNIDAD,YARIS 01 REC. TAMBOR  TRASERO · Excel GASTOS fila 3410 [origen gastos_caja id=3395],otros gastos | otros provisionales | gastos_provisionales | otros provisionales | yaris 01 rec. tambor trasero · excel gastos fila 3410 [origen gastos_caja id=3395] | gastos_caja_unidad | efectivo | traslado desde gastos_caja (script mover_gastos_caja_a_vehiculo),operativo_vehiculo,motor
27419024-4c4f-411e-baa3-26f22af19ce2,2024-11-06,5,200,OTROS GASTOS,OTROS PROVISIONALES,GASTOS_CAJA_UNIDAD,YARIS 05  7/8  CULATA · Excel GASTOS fila 3490 [origen gastos_caja id=3475],otros gastos | otros provisionales | gastos_provisionales | otros provisionales | yaris 05 7/8 culata · excel gastos fila 3490 [origen gastos_caja id=3475] | gastos_caja_unidad | efectivo | traslado desde gastos_caja (script mover_gastos_caja_a_vehiculo),operativo_vehiculo,motor
aaf8b49a-d195-4c3a-907c-8ed8778c7f72,2024-12-03,9,60,OTROS GASTOS,OTROS PROVISIONALES,GASTOS_CAJA_UNIDAD,YARIS 09 REGULACION FRENOS ELECTRICOS · Excel GASTOS fila 3523 [origen gastos_caja id=3508],otros gastos | otros provisionales | gastos_provisionales | otros provisionales | yaris 09 regulacion frenos electricos · excel gastos fila 3523 [origen gastos_caja id=3508] | gastos_caja_unidad | efectivo | traslado desde gastos_caja (script mover_gastos_caja_a_vehiculo),operativo_vehiculo,frenos
feb23e42-0ac0-481c-b59f-f9d3718441cd,2024-12-03,3,100,OTROS GASTOS,OTROS PROVISIONALES,GASTOS_CAJA_UNIDAD,VERSA 03 1 EMPAQUE TAPA DE VALANCINES · Excel GASTOS fila 3524 [origen gastos_caja id=3509],otros gastos | otros provisionales | gastos_provisionales | otros provisionales | versa 03 1 empaque tapa de valancines · excel gastos fila 3524 [origen gastos_caja id=3509] | gastos_caja_unidad | efectivo | traslado desde gastos_caja (script mover_gastos_caja_a_vehiculo),operativo_vehiculo,motor
1c7674d0-62e6-4271-9cc6-60fe0723b396,2025-01-07,5,130,OTROS GASTOS,OTROS PROVISIONALES,GASTOS_CAJA_UNIDAD,YARIS 05  8/8  CULATA · Excel GASTOS fila 3623 [origen gastos_caja id=3608],otros gastos | otros provisionales | gastos_provisionales | otros provisionales | yaris 05 8/8 culata · excel gastos fila 3623 [origen gastos_caja id=3608] | gastos_caja_unidad | efectivo | traslado desde gastos_caja (script mover_gastos_caja_a_vehiculo),operativo_vehiculo,motor
0567e229-7eaf-4f3a-ae1c-08ae7d6df497,2025-01-07,3,30,OTROS GASTOS,OTROS PROVISIONALES,GASTOS_CAJA_UNIDAD,VERSA 03 ESCANEO ELECTRONICO · Excel GASTOS fila 3659 [origen gastos_caja id=3644],otros gastos | otros provisionales | gastos_provisionales | otros provisionales | versa 03 escaneo electronico · excel gastos fila 3659 [origen gastos_caja id=3644] | gastos_caja_unidad | efectivo | traslado desde gastos_caja (script mover_gastos_caja_a_vehiculo),operativo_vehiculo,motor
0a49379f-5863-41e0-82cf-ea71b87c4735,2025-01-07,7,50,OTROS GASTOS,OTROS PROVISIONALES,GASTOS_CAJA_UNIDAD,YARIS 07 GAS Y GASOLINSA · Excel GASTOS fila 3661 [origen gastos_caja id=3646],otros gastos | otros provisionales | gastos_provisionales | otros provisionales | yaris 07 gas y gasolinsa · excel gastos fila 3661 [origen gastos_caja id=3646] | gastos_caja_unidad | efectivo | traslado desde gastos_caja (script mover_gastos_caja_a_vehiculo),operativo_vehiculo,motor
f02f4dfd-b6cb-411d-b320-14df5a81c6fd,2025-01-07,7,25,OTROS GASTOS,OTROS PROVISIONALES,GASTOS_CAJA_UNIDAD,YARIS 07 PLUMILLAS · Excel GASTOS fila 3663 [origen gastos_caja id=3648],otros gastos | otros provisionales | gastos_provisionales | otros provisionales | yaris 07 plumillas · excel gastos fila 3663 [origen gastos_caja id=3648] | gastos_caja_unidad | efectivo | traslado desde gastos_caja (script mover_gastos_caja_a_vehiculo),operativo_vehiculo,motor
2d39f2a0-7e2e-4f38-b0d0-6eac77b4bc93,2025-02-06,8,130,OTROS GASTOS,OTROS PROVISIONALES,GASTOS_CAJA_UNIDAD,YARIS 08 ARREGLO A/C RECARGA · Excel GASTOS fila 3804 [origen gastos_caja id=3788],otros gastos | otros provisionales | gastos_provisionales | otros provisionales | yaris 08 arreglo a/c recarga · excel gastos fila 3804 [origen gastos_caja id=3788] | gastos_caja_unidad | efectivo | traslado desde gastos_caja (script mover_gastos_caja_a_vehiculo),operativo_vehiculo,aire_acondicionado
7d486878-5df3-4b79-af25-ab9f46c29f0b,2025-02-10,4,260,OTROS GASTOS,OTROS PROVISIONALES,GASTOS_CAJA_UNIDAD,YARIS 04 CAMBIO DE RESORTES  POSTERIORES MAS BOCINA DE ESTABILIZADOR YH MOD · Excel GASTOS fila 3820 [origen gastos_caja id=3804],otros gastos | otros provisionales | gastos_provisionales | otros provisionales | yaris 04 cambio de resortes posteriores mas bocina de estabilizador yh mod · excel gastos fila 3820 [origen gastos_caja id=3804] | gastos_caja_unidad | efectivo | traslado desde gastos_caja (script mover_gastos_caja_a_vehiculo),operativo_vehiculo,motor
5c975b7c-23e6-419d-b8b0-fa116b1e6a87,2025-02-10,3,20,OTROS GASTOS,OTROS PROVISIONALES,GASTOS_CAJA_UNIDAD,VERSA 03 REGULACION FRENOS · Excel GASTOS fila 3824 [origen gastos_caja id=3808],otros gastos | otros provisionales | gastos_provisionales | otros provisionales | versa 03 regulacion frenos · excel gastos fila 3824 [origen gastos_caja id=3808] | gastos_caja_unidad | efectivo | traslado desde gastos_caja (script mover_gastos_caja_a_vehiculo),operativo_vehiculo,frenos
7d83669e-67df-46ca-8457-9f40fe44bc11,2025-03-08,1,150,OTROS GASTOS,OTROS PROVISIONALES,GASTOS_CAJA_UNIDAD,YARIS 01 1/6 REC. CULATA KIT DE EMPAQUE Y VALVULAS · Excel GASTOS fila 3915 [origen gastos_caja id=3899],otros gastos | otros provisionales | gastos_provisionales | otros provisionales | yaris 01 1/6 rec. culata kit de empaque y valvulas · excel gastos fila 3915 [origen gastos_caja id=3899] | gastos_caja_unidad | efectivo | traslado desde gastos_caja (script mover_gastos_caja_a_vehiculo),operativo_vehiculo,motor
a11b13bf-0b07-42ab-86ff-145ef6b3b1ec,2025-04-04,1,150,OTROS GASTOS,OTROS PROVISIONALES,GASTOS_CAJA_UNIDAD,YARIS 01 2/6 REC. CULATA KIT DE EMPAQUE Y VALVULAS · Excel GASTOS fila 4033 [origen gastos_caja id=4017],otros gastos | otros provisionales | gastos_provisionales | otros provisionales | yaris 01 2/6 rec. culata kit de empaque y valvulas · excel gastos fila 4033 [origen gastos_caja id=4017] | gastos_caja_unidad | efectivo | traslado desde gastos_caja (script mover_gastos_caja_a_vehiculo),operativo_vehiculo,motor
8fdbde96-4eaa-4767-b5bf-a6b6d092606f,2025-05-08,1,170,OTROS GASTOS,OTROS PROVISIONALES,GASTOS_CAJA_UNIDAD,YARIS 01 3/6 REC. CULATA KIT DE EMPAQUE Y VALVULAS · Excel GASTOS fila 4176 [origen gastos_caja id=4160],otros gastos | otros provisionales | gastos_provisionales | otros provisionales | yaris 01 3/6 rec. culata kit de empaque y valvulas · excel gastos fila 4176 [origen gastos_caja id=4160] | gastos_caja_unidad | efectivo | traslado desde gastos_caja (script mover_gastos_caja_a_vehiculo),operativo_vehiculo,motor
e2d17fb1-f2e2-491e-acae-b79d873bbadf,2025-05-12,5,20,OTROS GASTOS,OTROS PROVISIONALES,GASTOS_CAJA_UNIDAD,YARIS 05 REGULACION FRENOS · Excel GASTOS fila 4271 [origen gastos_caja id=4255],otros gastos | otros provisionales | gastos_provisionales | otros provisionales | yaris 05 regulacion frenos · excel gastos fila 4271 [origen gastos_caja id=4255] | gastos_caja_unidad | efectivo | traslado desde gastos_caja (script mover_gastos_caja_a_vehiculo),operativo_vehiculo,frenos
e22547e2-30f6-43a3-a1d5-9d36a5f35063,2025-06-03,1,170,OTROS GASTOS,OTROS PROVISIONALES,GASTOS_CAJA_UNIDAD,YARIS 01 4/6 REC. CULATA KIT DE EMPAQUE Y VALVULAS · Excel GASTOS fila 4361 [origen gastos_caja id=4345],otros gastos | otros provisionales | gastos_provisionales | otros provisionales | yaris 01 4/6 rec. culata kit de empaque y valvulas · excel gastos fila 4361 [origen gastos_caja id=4345] | gastos_caja_unidad | efectivo | traslado desde gastos_caja (script mover_gastos_caja_a_vehiculo),operativo_vehiculo,motor
06b82a9e-ca38-434a-a8d9-1a780c88e43e,2025-07-04,9,225,OTROS GASTOS,OTROS PROVISIONALES,GASTOS_CAJA_UNIDAD,YARIS 09 PANTALLA DE SONIDO Y CONSOLA · Excel GASTOS fila 4589 [origen gastos_caja id=4573],otros gastos | otros provisionales | gastos_provisionales | otros provisionales | yaris 09 pantalla de sonido y consola · excel gastos fila 4589 [origen gastos_caja id=4573] | gastos_caja_unidad | efectivo | traslado desde gastos_caja (script mover_gastos_caja_a_vehiculo),operativo_vehiculo,motor
574c070d-134f-460f-9fb1-1d4c4fcdcb9a,2025-07-08,1,150,OTROS GASTOS,OTROS PROVISIONALES,GASTOS_CAJA_UNIDAD,YARIS 01 6/6 REC. CULATA KIT DE EMPAQUE Y VALVULAS · Excel GASTOS fila 4610 [origen gastos_caja id=4594],otros gastos | otros provisionales | gastos_provisionales | otros provisionales | yaris 01 6/6 rec. culata kit de empaque y valvulas · excel gastos fila 4610 [origen gastos_caja id=4594] | gastos_caja_unidad | efectivo | traslado desde gastos_caja (script mover_gastos_caja_a_vehiculo),operativo_vehiculo,motor
c8d1e6e7-2d7d-4ba7-a7d8-861fb07fafb2,2025-08-07,4,50,OTROS GASTOS,OTROS PROVISIONALES,GASTOS_CAJA_UNIDAD,YARIS 04 SEGURO  DE TAPAS  Y ARREGLO TAPA BARRO · Excel GASTOS fila 4789 [origen gastos_caja id=4773],otros gastos | otros provisionales | gastos_provisionales | otros provisionales | yaris 04 seguro de tapas y arreglo tapa barro · excel gastos fila 4789 [origen gastos_caja id=4773] | gastos_caja_unidad | efectivo | traslado desde gastos_caja (script mover_gastos_caja_a_vehiculo),operativo_vehiculo,motor
180778cc-e7d6-4a6f-9b0c-d6b3a9a0e11c,2025-08-07,4,390,OTROS GASTOS,OTROS PROVISIONALES,GASTOS_CAJA_UNIDAD,YARIS 04 ARREGLO RODAJE + RECARGA A/C Y MANT A/C · Excel GASTOS fila 4798 [origen gastos_caja id=4782],otros gastos | otros provisionales | gastos_provisionales | otros provisionales | yaris 04 arreglo rodaje + recarga a/c y mant a/c · excel gastos fila 4798 [origen gastos_caja id=4782] | gastos_caja_unidad | efectivo | traslado desde gastos_caja (script mover_gastos_caja_a_vehiculo),operativo_vehiculo,aire_acondicionado
0980f7d5-9955-4a2a-9690-1f2b2087ac52,2025-09-04,3,150,OTROS GASTOS,OTROS PROVISIONALES,GASTOS_CAJA_UNIDAD,VERSA 03 1/2 ARREGLO ELECTRONICO · Excel GASTOS fila 4953 [origen gastos_caja id=4937],otros gastos | otros provisionales | gastos_provisionales | otros provisionales | versa 03 1/2 arreglo electronico · excel gastos fila 4953 [origen gastos_caja id=4937] | gastos_caja_unidad | efectivo | traslado desde gastos_caja (script mover_gastos_caja_a_vehiculo),operativo_vehiculo,motor
9d1519ea-50aa-4c5a-b638-40cf4cb47e29,2025-09-04,3,150,OTROS GASTOS,OTROS PROVISIONALES,GASTOS_CAJA_UNIDAD,VERSA 03 1/2 SOPORTE DE MOTOR · Excel GASTOS fila 4956 [origen gastos_caja id=4940],otros gastos | otros provisionales | gastos_provisionales | otros provisionales | versa 03 1/2 soporte de motor · excel gastos fila 4956 [origen gastos_caja id=4940] | gastos_caja_unidad | efectivo | traslado desde gastos_caja (script mover_gastos_caja_a_vehiculo),operativo_vehiculo,motor
75c763ac-a35a-4dc5-9ebb-12dc973016bd,2025-09-04,3,200,OTROS GASTOS,OTROS PROVISIONALES,GASTOS_CAJA_UNIDAD,VERSA 03 2/2 ARREGLO ELECTRONICO · Excel GASTOS fila 5103 [origen gastos_caja id=5087],otros gastos | otros provisionales | gastos_provisionales | otros provisionales | versa 03 2/2 arreglo electronico · excel gastos fila 5103 [origen gastos_caja id=5087] | gastos_caja_unidad | efectivo | traslado desde gastos_caja (script mover_gastos_caja_a_vehiculo),operativo_vehiculo,motor
9160971d-b110-4c0c-9b3d-01623475b781,2025-09-04,3,180,OTROS GASTOS,OTROS PROVISIONALES,GASTOS_CAJA_UNIDAD,VERSA 03 2/2 SOPORTE DE MOTOR · Excel GASTOS fila 5106 [origen gastos_caja id=5090],otros gastos | otros provisionales | gastos_provisionales | otros provisionales | versa 03 2/2 soporte de motor · excel gastos fila 5106 [origen gastos_caja id=5090] | gastos_caja_unidad | efectivo | traslado desde gastos_caja (script mover_gastos_caja_a_vehiculo),operativo_vehiculo,motor
fc8cbf4c-ee32-4c7d-a545-862fe78f40bb,2025-10-06,5,80,OTROS GASTOS,OTROS PROVISIONALES,GASTOS_CAJA_UNIDAD,YARIS 05 1/2 FAJA MAS RETEN DE SIGUEÑAL · Excel GASTOS fila 5113 [origen gastos_caja id=5097],otros gastos | otros provisionales | gastos_provisionales | otros provisionales | yaris 05 1/2 faja mas reten de siguenal · excel gastos fila 5113 [origen gastos_caja id=5097] | gastos_caja_unidad | efectivo | traslado desde gastos_caja (script mover_gastos_caja_a_vehiculo),operativo_vehiculo,motor
eba0fbfd-a8f6-490e-8e94-143ab1bdd6ca,2025-09-03,9,28,OTROS GASTOS,OTROS PROVISIONALES,GASTOS_CAJA_UNIDAD,YARIS 09 REGULACION DE FRENOS POSTERIOR MAS LIQUIDO · Excel GASTOS fila 5181 [origen gastos_caja id=5165],otros gastos | otros provisionales | gastos_provisionales | otros provisionales | yaris 09 regulacion de frenos posterior mas liquido · excel gastos fila 5181 [origen gastos_caja id=5165] | gastos_caja_unidad | efectivo | traslado desde gastos_caja (script mover_gastos_caja_a_vehiculo),operativo_vehiculo,frenos
088948c4-2b92-4028-9312-0d7b1c3270da,2025-10-14,3,30,OTROS GASTOS,OTROS PROVISIONALES,GASTOS_CAJA_UNIDAD,VERSA 03 REGULACION DE FRENO POSTERIOR MAS LA PASTILLA · Excel GASTOS fila 5204 [origen gastos_caja id=5188],otros gastos | otros provisionales | gastos_provisionales | otros provisionales | versa 03 regulacion de freno posterior mas la pastilla · excel gastos fila 5204 [origen gastos_caja id=5188] | gastos_caja_unidad | efectivo | traslado desde gastos_caja (script mover_gastos_caja_a_vehiculo),operativo_vehiculo,frenos
62ed842c-b0f9-4b44-a97f-3f04475ffa2d,2025-11-04,5,75,OTROS GASTOS,OTROS PROVISIONALES,GASTOS_CAJA_UNIDAD,YARIS 05 2/2 FAJA MAS RETEN DE SIGUEÑAL · Excel GASTOS fila 5288 [origen gastos_caja id=5272],otros gastos | otros provisionales | gastos_provisionales | otros provisionales | yaris 05 2/2 faja mas reten de siguenal · excel gastos fila 5288 [origen gastos_caja id=5272] | gastos_caja_unidad | efectivo | traslado desde gastos_caja (script mover_gastos_caja_a_vehiculo),operativo_vehiculo,motor
927f6c1d-9141-4f04-b169-9a186521b135,2025-11-04,3,154,OTROS GASTOS,OTROS PROVISIONALES,GASTOS_CAJA_UNIDAD,VERSA 03 2 LLANATS · Excel GASTOS fila 5351 [origen gastos_caja id=5335],otros gastos | otros provisionales | gastos_provisionales | otros provisionales | versa 03 2 llanats · excel gastos fila 5351 [origen gastos_caja id=5335] | gastos_caja_unidad | efectivo | traslado desde gastos_caja (script mover_gastos_caja_a_vehiculo),operativo_vehiculo,motor
864ccdd7-73c9-476a-a7ef-f8595547ad92,2025-12-04,5,100,OTROS GASTOS,OTROS PROVISIONALES,GASTOS_CAJA_UNIDAD,YARIS 05 1/3 MOTOR VENTILADOR · Excel GASTOS fila 5538 [origen gastos_caja id=5522],otros gastos | otros provisionales | gastos_provisionales | otros provisionales | yaris 05 1/3 motor ventilador · excel gastos fila 5538 [origen gastos_caja id=5522] | gastos_caja_unidad | efectivo | traslado desde gastos_caja (script mover_gastos_caja_a_vehiculo),operativo_vehiculo,motor
f0f23b71-3162-4c43-a104-1fccbf6a487e,2026-01-06,5,100,OTROS GASTOS,OTROS PROVISIONALES,GASTOS_CAJA_UNIDAD,YARIS 05 2/3 MOTOR VENTILADOR · Excel GASTOS fila 5734 [origen gastos_caja id=5718],otros gastos | otros provisionales | gastos_provisionales | otros provisionales | yaris 05 2/3 motor ventilador · excel gastos fila 5734 [origen gastos_caja id=5718] | gastos_caja_unidad | efectivo | traslado desde gastos_caja (script mover_gastos_caja_a_vehiculo),operativo_vehiculo,motor
d13a2905-c0e7-44d5-b9a9-5ea2b22f2e30,2026-01-06,5,140,OTROS GASTOS,OTROS PROVISIONALES,GASTOS_CAJA_UNIDAD,YARIS 05 1/2 ARREGLO COMPUTADORA · Excel GASTOS fila 5743 [origen gastos_caja id=5727],otros gastos | otros provisionales | gastos_provisionales | otros provisionales | yaris 05 1/2 arreglo computadora · excel gastos fila 5743 [origen gastos_caja id=5727] | gastos_caja_unidad | efectivo | traslado desde gastos_caja (script mover_gastos_caja_a_vehiculo),operativo_vehiculo,motor
1d6b592d-c871-4cf6-92c9-35ecc3471ad9,2026-01-06,1,50,OTROS GASTOS,OTROS PROVISIONALES,GASTOS_CAJA_UNIDAD,YARIS 01 ORINES Y BASES DE INYECTORES · Excel GASTOS fila 5772 [origen gastos_caja id=5756],otros gastos | otros provisionales | gastos_provisionales | otros provisionales | yaris 01 orines y bases de inyectores · excel gastos fila 5772 [origen gastos_caja id=5756] | gastos_caja_unidad | efectivo | traslado desde gastos_caja (script mover_gastos_caja_a_vehiculo),operativo_vehiculo,motor
16779c13-7429-43ce-845f-2e7cd5ce7f76,2026-01-06,7,90,OTROS GASTOS,OTROS PROVISIONALES,GASTOS_CAJA_UNIDAD,YARIS 07 ARREGLO · Excel GASTOS fila 5845 [origen gastos_caja id=5829],otros gastos | otros provisionales | gastos_provisionales | otros provisionales | yaris 07 arreglo · excel gastos fila 5845 [origen gastos_caja id=5829] | gastos_caja_unidad | efectivo | traslado desde gastos_caja (script mover_gastos_caja_a_vehiculo),operativo_vehiculo,motor
ef49f0be-d781-46fd-be21-df76bd87d36e,2025-12-29,4,65,OTROS GASTOS,OTROS PROVISIONALES,GASTOS_CAJA_UNIDAD,YARIS 04 cambio de bileta de estabilizador 45 servicio 20 · Excel GASTOS fila 5864 [origen gastos_caja id=5848],otros gastos | otros provisionales | gastos_provisionales | otros provisionales | yaris 04 cambio de bileta de estabilizador 45 servicio 20 · excel gastos fila 5864 [origen gastos_caja id=5848] | gastos_caja_unidad | efectivo | traslado desde gastos_caja (script mover_gastos_caja_a_vehiculo),operativo_vehiculo,motor
6580be6f-7530-4b2e-b0dc-2185ea244d97,2026-02-04,5,100,OTROS GASTOS,OTROS PROVISIONALES,GASTOS_CAJA_UNIDAD,YARIS 05 3/3 MOTOR VENTILADOR · Excel GASTOS fila 5967 [origen gastos_caja id=5951],otros gastos | otros provisionales | gastos_provisionales | otros provisionales | yaris 05 3/3 motor ventilador · excel gastos fila 5967 [origen gastos_caja id=5951] | gastos_caja_unidad | efectivo | traslado desde gastos_caja (script mover_gastos_caja_a_vehiculo),operativo_vehiculo,motor
ed240112-c5a2-4b60-9195-ee44ee8b8b4f,2026-02-04,5,140,OTROS GASTOS,OTROS PROVISIONALES,GASTOS_CAJA_UNIDAD,YARIS 05 2/2 ARREGLO COMPUTADORA · Excel GASTOS fila 5974 [origen gastos_caja id=5958],otros gastos | otros provisionales | gastos_provisionales | otros provisionales | yaris 05 2/2 arreglo computadora · excel gastos fila 5974 [origen gastos_caja id=5958] | gastos_caja_unidad | efectivo | traslado desde gastos_caja (script mover_gastos_caja_a_vehiculo),operativo_vehiculo,motor
d3a147ca-c01e-437a-9922-5716e64cca9b,2026-02-04,8,40,OTROS GASTOS,OTROS PROVISIONALES,GASTOS_CAJA_UNIDAD,YARIS 08 LIMPIEZA CONDENSADOR · Excel GASTOS fila 6029 [origen gastos_caja id=6013],otros gastos | otros provisionales | gastos_provisionales | otros provisionales | yaris 08 limpieza condensador · excel gastos fila 6029 [origen gastos_caja id=6013] | gastos_caja_unidad | efectivo | traslado desde gastos_caja (script mover_gastos_caja_a_vehiculo),operativo_vehiculo,motor
15e823e4-a758-4f24-bc0c-7599694b0ae9,2026-02-04,8,340,OTROS GASTOS,OTROS PROVISIONALES,GASTOS_CAJA_UNIDAD,YARIS 08 BAJADA DE TABLERO POR ARREGLO A/C · Excel GASTOS fila 6030 [origen gastos_caja id=6014],otros gastos | otros provisionales | gastos_provisionales | otros provisionales | yaris 08 bajada de tablero por arreglo a/c · excel gastos fila 6030 [origen gastos_caja id=6014] | gastos_caja_unidad | efectivo | traslado desde gastos_caja (script mover_gastos_caja_a_vehiculo),operativo_vehiculo,aire_acondicionado
5b6d5d73-6403-4e4d-bca7-d42893ff5a95,2026-02-04,3,25,OTROS GASTOS,OTROS PROVISIONALES,GASTOS_CAJA_UNIDAD,VERSA 03 PLUMILLAS · Excel GASTOS fila 6083 [origen gastos_caja id=6067],otros gastos | otros provisionales | gastos_provisionales | otros provisionales | versa 03 plumillas · excel gastos fila 6083 [origen gastos_caja id=6067] | gastos_caja_unidad | efectivo | traslado desde gastos_caja (script mover_gastos_caja_a_vehiculo),operativo_vehiculo,motor
6ae6c415-b153-452d-86e2-7c8ff3b56363,2026-02-04,3,514,OTROS GASTOS,OTROS PROVISIONALES,GASTOS_CAJA_UNIDAD,VERSA 03 SOPLADOR  A/C JESUS MOD Y TAXI · Excel GASTOS fila 6085 [origen gastos_caja id=6069],otros gastos | otros provisionales | gastos_provisionales | otros provisionales | versa 03 soplador a/c jesus mod y taxi · excel gastos fila 6085 [origen gastos_caja id=6069] | gastos_caja_unidad | efectivo | traslado desde gastos_caja (script mover_gastos_caja_a_vehiculo),operativo_vehiculo,aire_acondicionado
421d1164-8d2d-47a2-9df9-a85f42435d7c,2026-02-04,3,30,OTROS GASTOS,OTROS PROVISIONALES,GASTOS_CAJA_UNIDAD,VERSA 03  ARREGLO GUANTERA · Excel GASTOS fila 6087 [origen gastos_caja id=6071],otros gastos | otros provisionales | gastos_provisionales | otros provisionales | versa 03 arreglo guantera · excel gastos fila 6087 [origen gastos_caja id=6071] | gastos_caja_unidad | efectivo | traslado desde gastos_caja (script mover_gastos_caja_a_vehiculo),operativo_vehiculo,motor
fd986038-3f68-4fd7-ba7d-d4462406b81c,2026-03-06,5,45,OTROS GASTOS,OTROS PROVISIONALES,GASTOS_CAJA_UNIDAD,YARIS 05 ARREGLO AGUA PARABRISAS Y ARREGLO LUNA ALARMA · Excel GASTOS fila 6300 [origen gastos_caja id=6283],otros gastos | otros provisionales | gastos_provisionales | otros provisionales | yaris 05 arreglo agua parabrisas y arreglo luna alarma · excel gastos fila 6300 [origen gastos_caja id=6283] | gastos_caja_unidad | efectivo | traslado desde gastos_caja (script mover_gastos_caja_a_vehiculo),operativo_vehiculo,motor
fc020375-1645-4b7a-a557-3cc8010f9ab0,2026-04-07,3,80,OTROS GASTOS,OTROS PROVISIONALES,GASTOS_CAJA_UNIDAD,VERSA 03 1/2 ELECTRONICO · Excel GASTOS fila 6449 [origen gastos_caja id=6432],otros gastos | otros provisionales | gastos_provisionales | otros provisionales | versa 03 1/2 electronico · excel gastos fila 6449 [origen gastos_caja id=6432] | gastos_caja_unidad | efectivo | traslado desde gastos_caja (script mover_gastos_caja_a_vehiculo),operativo_vehiculo,motor
8ffa6019-1489-4837-bd7a-192fbfd040d8,2026-04-06,4,260,OTROS GASTOS,OTROS PROVISIONALES,GASTOS_CAJA_UNIDAD,YARIS 04 CAMBIO RODAJE COMPRESOR MAS RECARGA DE GAS A/C 3 VECES · Excel GASTOS fila 6520 [origen gastos_caja id=6503],otros gastos | otros provisionales | gastos_provisionales | otros provisionales | yaris 04 cambio rodaje compresor mas recarga de gas a/c 3 veces · excel gastos fila 6520 [origen gastos_caja id=6503] | gastos_caja_unidad | efectivo | traslado desde gastos_caja (script mover_gastos_caja_a_vehiculo),operativo_vehiculo,aire_acondicionado
4542b986-9fd5-44b0-9e54-09e7799b71c3,2026-04-06,8,65,OTROS GASTOS,OTROS PROVISIONALES,GASTOS_CAJA_UNIDAD,YARIS 08 CLAXON CARACOL HELLA · Excel GASTOS fila 6541 [origen gastos_caja id=6524],otros gastos | otros provisionales | gastos_provisionales | otros provisionales | yaris 08 claxon caracol hella · excel gastos fila 6541 [origen gastos_caja id=6524] | gastos_caja_unidad | efectivo | traslado desde gastos_caja (script mover_gastos_caja_a_vehiculo),operativo_vehiculo,motor
de44b8d1-46b8-4a0a-bf35-77d03379d545,2019-02-28,3,100,IMPUESTO SAT,IMPUESTO SAT,,[FEBRERO] VERSA 03 AVW-255 — IMPUESTO SAT,impuesto sat | gastos_tributarios | impuesto sat | [febrero] versa 03 avw-255 — impuesto sat | otro | excel gastos la moneda,operativo_vehiculo,motor
2738c0ce-209a-4d82-9d23-e3a2504f5c18,2019-05-31,3,100,IMPUESTO SAT,IMPUESTO SAT,,[MAYO] VERSA 03 AVW-255 — IMPUESTO SAT,impuesto sat | gastos_tributarios | impuesto sat | [mayo] versa 03 avw-255 — impuesto sat | otro | excel gastos la moneda,operativo_vehiculo,motor
1703eac9-a7f0-48d5-aa0b-8a6e1a129a48,2019-08-29,3,100,IMPUESTO SAT,IMPUESTO SAT,,[AGOSTO] VERSA 03 AVW-255 — IMPUESTO SAT,impuesto sat | gastos_tributarios | impuesto sat | [agosto] versa 03 avw-255 — impuesto sat | otro | excel gastos la moneda,operativo_vehiculo,motor
139510a2-74b6-4ba1-9aab-1a3450a877e7,2019-11-14,3,100,IMPUESTO SAT,IMPUESTO SAT,,[NOVIEMBRE] VERSA 03 AVW-255 — IMPUESTO SAT,impuesto sat | gastos_tributarios | impuesto sat | [noviembre] versa 03 avw-255 — impuesto sat | otro | excel gastos la moneda,operativo_vehiculo,motor
d4f67d39-ceaa-41e0-b54d-9a13545482d8,2024-04-09,4,60,GATA MAS SEGURO ESPEJO,GATA MAS SEGURO ESPEJO,,[ABRIL] YARIS  04 F7S-684 — GATA MAS SEGURO ESPEJO,gata mas seguro espejo | gastos_fijos | gata mas seguro espejo | [abril] yaris 04 f7s-684 — gata mas seguro espejo | otro | excel gastos la moneda,operativo_vehiculo,motor
8725084f-1c29-4904-915c-0b363a036be6,2019-02-28,5,90,IMPUESTO SAT,IMPUESTO SAT,,[FEBRERO] YARIS 05 ANS-117 — IMPUESTO SAT,impuesto sat | gastos_tributarios | impuesto sat | [febrero] yaris 05 ans-117 — impuesto sat | otro | excel gastos la moneda,operativo_vehiculo,motor
e42d7cd5-c3b9-4539-9b50-988a6cf9eb02,2019-05-31,5,90,IMPUESTO SAT,IMPUESTO SAT,,[MAYO] YARIS 05 ANS-117 — IMPUESTO SAT,impuesto sat | gastos_tributarios | impuesto sat | [mayo] yaris 05 ans-117 — impuesto sat | otro | excel gastos la moneda,operativo_vehiculo,motor
0f17c290-6b12-47d4-ad70-1af36218a192,2019-08-29,5,90,IMPUESTO SAT,IMPUESTO SAT,,[AGOSTO] YARIS 05 ANS-117 — IMPUESTO SAT,impuesto sat | gastos_tributarios | impuesto sat | [agosto] yaris 05 ans-117 — impuesto sat | otro | excel gastos la moneda,operativo_vehiculo,motor
def440b5-3029-490c-a4f4-df816d7e76e5,2019-11-14,5,90,IMPUESTO SAT,IMPUESTO SAT,,[NOVIEMBRE] YARIS 05 ANS-117 — IMPUESTO SAT,impuesto sat | gastos_tributarios | impuesto sat | [noviembre] yaris 05 ans-117 — impuesto sat | otro | excel gastos la moneda,operativo_vehiculo,motor
552f394d-f543-4b08-a6e2-3ace02a19dd6,2022-05-20,5,100,TAPAS ARO Y SEGURO,TAPAS ARO Y SEGURO,,[MAYO] YARIS 05 ANS-117 — TAPAS ARO Y SEGURO,tapas aro y seguro | gastos_fijos | tapas aro y seguro | [mayo] yaris 05 ans-117 — tapas aro y seguro | otro | excel gastos la moneda,operativo_vehiculo,motor
2194bb4a-b7d4-4824-a4a4-7aec2cbf1b48,2023-10-13,5,100,tapas mas seguro aro,tapas mas seguro aro,,[OCTUBRE] YARIS 05 ANS-117 — tapas mas seguro aro,tapas mas seguro aro | gastos_fijos | tapas mas seguro aro | [octubre] yaris 05 ans-117 — tapas mas seguro aro | otro | excel gastos la moneda,operativo_vehiculo,motor
0b4c217b-c868-452d-9b07-7c9813a0842e,2025-07-10,5,110,4 TAPAS Y SEGURO,4 TAPAS Y SEGURO,,[JULIO] YARIS 05 ANS-117 — 4 TAPAS Y SEGURO,4 tapas y seguro | gastos_fijos | 4 tapas y seguro | [julio] yaris 05 ans-117 — 4 tapas y seguro | otro | excel gastos la moneda,operativo_vehiculo,motor
9b014d09-b4fe-4739-b8f7-9feaea420054,2025-12-20,5,125,SEGURO COMPUTADORA,SEGURO COMPUTADORA,,[DICIEMBRE] YARIS 05 ANS-117 — SEGURO COMPUTADORA,seguro computadora | gastos_fijos | seguro computadora | [diciembre] yaris 05 ans-117 — seguro computadora | otro | excel gastos la moneda,operativo_vehiculo,motor
e9cb129c-4b72-4567-81e2-2a02a5f41c22,2019-05-16,6,100,impuesto sat,impuesto sat,,[MAYO] YARIS 06 ARF-480 — impuesto sat,impuesto sat | gastos_tributarios | impuesto sat | [mayo] yaris 06 arf-480 — impuesto sat | otro | excel gastos la moneda,operativo_vehiculo,motor
16bda875-917d-4d12-9e50-b4f9d26b0b51,2019-08-29,6,50,impuesto sat,impuesto sat,,[AGOSTO] YARIS 06 ARF-480 — impuesto sat,impuesto sat | gastos_tributarios | impuesto sat | [agosto] yaris 06 arf-480 — impuesto sat | otro | excel gastos la moneda,operativo_vehiculo,motor
f1362a51-71da-4bca-b567-1068373e59ad,2019-11-14,6,100,impuesto sat,impuesto sat,,[NOVIEMBRE] YARIS 06 ARF-480 — impuesto sat,impuesto sat | gastos_tributarios | impuesto sat | [noviembre] yaris 06 arf-480 — impuesto sat | otro | excel gastos la moneda,operativo_vehiculo,motor
5d1b6bdb-f759-49df-9d81-3f81c997f55f,2025-05-20,8,10,CAMBIO DE TUERCA SEGURO,CAMBIO DE TUERCA SEGURO,,[MAYO] YARIS 08 AHB-559 — CAMBIO DE TUERCA SEGURO,cambio de tuerca seguro | gastos_fijos | cambio de tuerca seguro | [mayo] yaris 08 ahb-559 — cambio de tuerca seguro | otro | excel gastos la moneda,operativo_vehiculo,motor
87839099-3c47-4107-aa2a-0ae89a6e6a12,2019-01-20,9,210,seguro rimac cuota,seguro rimac cuota,,[ENERO (2019)] YARIS 09 AUG-396 — seguro rimac cuota,seguro rimac cuota | gastos_fijos | seguro rimac cuota | [enero (2019)] yaris 09 aug-396 — seguro rimac cuota | otro | excel gastos la moneda,operativo_vehiculo,motor
47a70b4f-16cd-4a08-abec-9df2f17e9ba6,2019-02-28,9,100,IMPUESTO CARRO,IMPUESTO CARRO,,[FEBRERO] YARIS 09 AUG-396 — IMPUESTO CARRO,impuesto carro | gastos_tributarios | impuesto carro | [febrero] yaris 09 aug-396 — impuesto carro | otro | excel gastos la moneda,operativo_vehiculo,motor
c472e222-b885-4105-92bb-4cda224b2ed7,2019-05-31,9,100,IMPUESTO SAT,IMPUESTO SAT,,[MAYO] YARIS 09 AUG-396 — IMPUESTO SAT,impuesto sat | gastos_tributarios | impuesto sat | [mayo] yaris 09 aug-396 — impuesto sat | otro | excel gastos la moneda,operativo_vehiculo,motor
20d69b56-6bb2-4028-86de-623f0c137715,2019-08-29,9,100,IMPUESTO SAT,IMPUESTO SAT,,[AGOSTO] YARIS 09 AUG-396 — IMPUESTO SAT,impuesto sat | gastos_tributarios | impuesto sat | [agosto] yaris 09 aug-396 — impuesto sat | otro | excel gastos la moneda,operativo_vehiculo,motor
9e08ccfc-cebf-4bca-b1f2-1a88c39dcaad,2019-11-14,9,100,IMPUESTO SAT,IMPUESTO SAT,,[NOVIEMBRE] YARIS 09 AUG-396 — IMPUESTO SAT,impuesto sat | gastos_tributarios | impuesto sat | [noviembre] yaris 09 aug-396 — impuesto sat | otro | excel gastos la moneda,operativo_vehiculo,motor
b70092dd-c0d1-418a-abfa-a194a685b467,2022-12-28,9,40,JESUS EDGAR DOCUMENTO ATU,JESUS EDGAR DOCUMENTO ATU,,[DICIEMBRE] YARIS 09 AUG-396 — JESUS EDGAR DOCUMENTO ATU,jesus edgar documento atu | gastos_tributarios | jesus edgar documento atu | [diciembre] yaris 09 aug-396 — jesus edgar documento atu | otro | excel gastos la moneda,operativo_vehiculo,motor
f019ff82-dc49-4e13-b299-8df6dbd7f76c,2019-01-29,10,200,impuesto nils sat,impuesto nils sat,,[ENERO (2019)] RIO 10 ARD-444 — impuesto nils sat,impuesto nils sat | gastos_tributarios | impuesto nils sat | [enero (2019)] rio 10 ard-444 — impuesto nils sat | otro | excel gastos la moneda,operativo_vehiculo,motor
d0cf342e-5e23-4eb9-abd0-9909333032d2,2019-12-18,10,30,SEGURO ESPEJOS,SEGURO ESPEJOS,,[DICIEMBRE] RIO 10 ARD-444 — SEGURO ESPEJOS,seguro espejos | gastos_fijos | seguro espejos | [diciembre] rio 10 ard-444 — seguro espejos | otro | excel gastos la moneda,operativo_vehiculo,motor
84ea4291-cb3d-46da-b125-2dd85f6118c6,2020-02-21,11,100,IMPUESTO SAT,IMPUESTO SAT,,[FEBRERO] RIO 11 AVG-048 — IMPUESTO SAT,impuesto sat | gastos_tributarios | impuesto sat | [febrero] rio 11 avg-048 — impuesto sat | otro | excel gastos la moneda,operativo_vehiculo,motor
4279893c-9f68-4320-bc6b-dbc2ed61e2d9,2020-02-21,12,100,PAGO IMPUESTOS SAT,PAGO IMPUESTOS SAT,,[FEBRERO] RIO 12 BBL-091 — PAGO IMPUESTOS SAT,pago impuestos sat | gastos_tributarios | pago impuestos sat | [febrero] rio 12 bbl-091 — pago impuestos sat | otro | excel gastos la moneda,operativo_vehiculo,motor
3e830204-19f7-401d-a99a-a6f8f9e3f41e,2020-02-21,13,100,PAGO IMPUESTOS SAT,PAGO IMPUESTOS SAT,,[FEBRERO] RIO 13 BDI-391 — PAGO IMPUESTOS SAT,pago impuestos sat | gastos_tributarios | pago impuestos sat | [febrero] rio 13 bdi-391 — pago impuestos sat | otro | excel gastos la moneda,operativo_vehiculo,motor
f538f3e6-a500-4e88-bc34-50cda1d3bc2d,2022-12-22,13,50,CADENA SEGURO CAPOT INSTALACION,CADENA SEGURO CAPOT INSTALACION,,[DICIEMBRE] RIO 13 BDI-391 — CADENA SEGURO CAPOT INSTALACION,cadena seguro capot instalacion | gastos_fijos | cadena seguro capot instalacion | [diciembre] rio 13 bdi-391 — cadena seguro capot instalacion | otro | excel gastos la moneda,operativo_vehiculo,motor
cc015e82-615a-4c59-b486-603b66314f59,2019-05-26,14,560,PAGO RIMAC SEGUROS,PAGO RIMAC SEGUROS,,[MAYO] RIO 14 APP-260 — PAGO RIMAC SEGUROS,pago rimac seguros | gastos_fijos | pago rimac seguros | [mayo] rio 14 app-260 — pago rimac seguros | otro | excel gastos la moneda,operativo_vehiculo,motor
a9e50a79-ecf0-4d69-b02c-8c925c2b6091,2019-08-29,15,50,IMPUESTO SAT,IMPUESTO SAT,,[AGOSTO] YARIS 15 APZ-588 — IMPUESTO SAT,impuesto sat | gastos_tributarios | impuesto sat | [agosto] yaris 15 apz-588 — impuesto sat | otro | excel gastos la moneda,operativo_vehiculo,motor
0d5d9f19-6663-48d8-a557-db3c5ff22bd2,2019-11-14,15,100,IMPUESTO SAT,IMPUESTO SAT,,[NOVIEMBRE] YARIS 15 APZ-588 — IMPUESTO SAT,impuesto sat | gastos_tributarios | impuesto sat | [noviembre] yaris 15 apz-588 — impuesto sat | otro | excel gastos la moneda,operativo_vehiculo,motor
79fe97ae-7f0b-476e-9abe-d882ed0b22a2,2020-11-16,16,100,DOCUMENTO SUNARP 22 Y DUPLICADO TARJETA DE PROPIEDAD 01,DOCUMENTO SUNARP 22 Y DUPLICADO TARJETA DE PROPIEDAD 01,,[NOVIEMBRE] VERSA 16 ANW-033 — DOCUMENTO SUNARP 22 Y DUPLICADO TARJETA DE PROPIEDAD 01,documento sunarp 22 y duplicado tarjeta de propiedad 01 | gastos_tributarios | documento sunarp 22 y duplicado tarjeta de propiedad 01 | [noviembre] versa 16 anw-033 — documento sunarp 22 y duplicado tarjeta de propiedad 01 | otro | excel gastos la moneda,operativo_vehiculo,motor
55fbfe38-c8fc-4190-9c7a-a7439647f94f,2023-08-02,18,9,TAXI DOCUMENTOS ATU,TAXI DOCUMENTOS ATU,,[AGOSTO] VERSA 18 AWC-679 — TAXI DOCUMENTOS ATU,taxi documentos atu | gastos_tributarios | taxi documentos atu | [agosto] versa 18 awc-679 — taxi documentos atu | otro | excel gastos la moneda,operativo_vehiculo,motor
aa4bd1aa-d47e-4c2a-aaea-963a1dcfbbc4,2023-02-17,19,135,110 tapas mas seguro ruedas + 25plumillas,110 tapas mas seguro ruedas + 25plumillas,,[FEBRERO] versa 19 BET-613 — 110 tapas mas seguro ruedas + 25plumillas,110 tapas mas seguro ruedas + 25plumillas | gastos_fijos | 110 tapas mas seguro ruedas + 25plumillas | [febrero] versa 19 bet-613 — 110 tapas mas seguro ruedas + 25plumillas | otro | excel gastos la moneda,operativo_vehiculo,motor
ce60a77b-75ef-41ef-99c7-0295df26646a,2020-12-09,21,25,SEGURO DE AROS,SEGURO DE AROS,,[DICIEMBRE] VERSA 21 BJL-403 — SEGURO DE AROS,seguro de aros | gastos_fijos | seguro de aros | [diciembre] versa 21 bjl-403 — seguro de aros | otro | excel gastos la moneda,operativo_vehiculo,motor
10a0a9df-c3fb-4bba-ade4-d5ac8616e0fd,2023-04-21,24,310,gastos notariales compra versa 37,gastos notariales compra versa 37,,[ABRIL] VERSA 24 BMY-499 — gastos notariales compra versa 37,gastos notariales compra versa 37 | gastos_tributarios | gastos notariales compra versa 37 | [abril] versa 24 bmy-499 — gastos notariales compra versa 37 | otro | excel gastos la moneda,operativo_vehiculo,motor
436d8088-bf6c-414d-9d03-12c33014b335,2023-07-25,24,110,tapas y seguros aro,tapas y seguros aro,,[JULIO] VERSA 24 BMY-499 — tapas y seguros aro,tapas y seguros aro | gastos_fijos | tapas y seguros aro | [julio] versa 24 bmy-499 — tapas y seguros aro | otro | excel gastos la moneda,operativo_vehiculo,motor
bca1647c-5fb6-4116-88c9-926bea6906b3,2023-06-26,28,200,JESUS EDGAR SETAME DOCUMENTO INDECOPI ATU POR 10 ANOS,JESUS EDGAR SETAME DOCUMENTO INDECOPI ATU POR 10 ANOS,,[JUNIO] VERSA 28 BRL-073 — JESUS EDGAR SETAME DOCUMENTO INDECOPI ATU POR 10 ANOS,jesus edgar setame documento indecopi atu por 10 anos | gastos_tributarios | jesus edgar setame documento indecopi atu por 10 anos | [junio] versa 28 brl-073 — jesus edgar setame documento indecopi atu por 10 anos | otro | excel gastos la moneda,operativo_vehiculo,motor
b67c39ba-9cb7-4e2c-90b4-edf02c803ba8,2024-11-07,30,10,SEGUROS TAPAS AROS,SEGUROS TAPAS AROS,,[NOVIEMBRE] VERSA 30 (BLF-037) — SEGUROS TAPAS AROS,seguros tapas aros | gastos_fijos | seguros tapas aros | [noviembre] versa 30 (blf-037) — seguros tapas aros | otro | excel gastos la moneda,operativo_vehiculo,motor
e424967e-050c-4832-b6ee-33acd33c7e20,2025-05-27,30,50,SEGUROS TAPAS AROS,SEGUROS TAPAS AROS,,[MAYO] VERSA 30 (BLF-037) — SEGUROS TAPAS AROS,seguros tapas aros | gastos_fijos | seguros tapas aros | [mayo] versa 30 (blf-037) — seguros tapas aros | otro | excel gastos la moneda,operativo_vehiculo,motor
50c5cb3b-c88e-40de-9c6e-a4cfd58762c8,2023-01-31,32,18,seguro ruedas,seguro ruedas,,[ENERO (2023)] VERSA 32 BTN-465 — seguro ruedas,seguro ruedas | gastos_fijos | seguro ruedas | [enero (2023)] versa 32 btn-465 — seguro ruedas | otro | excel gastos la moneda,operativo_vehiculo,motor
0949123c-ff76-4e9e-affa-faabe093d25b,2025-02-25,59,35,ENLLANTE Y NUVO SEGUROS,ENLLANTE Y NUVO SEGUROS,,[FEBRERO] VERSA 59 BXV-477 — ENLLANTE Y NUVO SEGUROS,enllante y nuvo seguros | gastos_fijos | enllante y nuvo seguros | [febrero] versa 59 bxv-477 — enllante y nuvo seguros | otro | excel gastos la moneda,operativo_vehiculo,motor
886afe7f-46b3-4507-aed7-5c7470c7e92f,2025-05-07,64,100,GASTOS NOTARIALES,GASTOS NOTARIALES,,[MAYO] VERSA 64 MK5-584 — GASTOS NOTARIALES,gastos notariales | gastos_tributarios | gastos notariales | [mayo] versa 64 mk5-584 — gastos notariales | otro | excel gastos la moneda,operativo_vehiculo,motor
1ead0a92-922a-4caf-9181-b64aedcad1b5,2025-05-06,64,80,SEGURO CAPOT CADENA,SEGURO CAPOT CADENA,,[MAYO] VERSA 64 MK5-584 — SEGURO CAPOT CADENA,seguro capot cadena | gastos_fijos | seguro capot cadena | [mayo] versa 64 mk5-584 — seguro capot cadena | otro | excel gastos la moneda,operativo_vehiculo,motor
d9839c62-2b29-43c1-90f7-1f712092ccd7,2025-07-29,69,30,SEGURO DE TAPAS,SEGURO DE TAPAS,,[JULIO] VERSA 69 CBJ-476 — SEGURO DE TAPAS,seguro de tapas | gastos_fijos | seguro de tapas | [julio] versa 69 cbj-476 — seguro de tapas | otro | excel gastos la moneda,operativo_vehiculo,motor
bb6e5367-29b2-4426-b247-6193c3768096,2025-11-28,70,120,CADENA CAPOT  SEGURO,CADENA CAPOT  SEGURO,,[NOVIEMBRE] VERSA 70 CBK-370 — CADENA CAPOT  SEGURO,cadena capot seguro | gastos_fijos | cadena capot seguro | [noviembre] versa 70 cbk-370 — cadena capot seguro | otro | excel gastos la moneda,operativo_vehiculo,motor